brand,model_year,ram_gb,storage_gb,screen_size,battery_mah,camera_mp,price_usd,performance_score
Apple,2021,6,256,6.1,5686,48,814.92,62.5
Huawei,2020,12,64,6.6,4749,48,206.55,83.6
OnePlus,2021,6,256,6.3,5372,108,912.34,82.1
Xiaomi,2023,12,64,6.4,5738,200,601.36,88.8
Samsung,2019,12,128,6.2,3591,48,375.17,73.8
Samsung,2023,6,256,6.1,5188,12,608.91,70.7
Samsung,2019,8,128,6.2,5521,108,554.25,80.3
Google,2018,4,128,6.4,4054,48,433.07,52.4
Xiaomi,2022,6,128,5.9,3883,48,853.15,75.3
OnePlus,2023,4,512,6.8,3062,64,473.42,85.4
Samsung,2021,8,256,6.5,4110,48,746.16,79.2
Huawei,2018,8,256,6.1,3303,12,314.67,62.1
Google,2022,8,128,6.5,4084,64,640.78,64.8
Samsung,2021,8,256,6.7,3395,48,766.36,97.3
Samsung,2020,6,128,6.2,3333,48,766.83,60.9
Samsung,2021,8,128,6.2,5833,12,720.2,92.8
Apple,2019,8,256,6.7,3410,48,740.25,65.7
Xiaomi,2019,4,128,6.9,5331,12,383.98,92.0
Apple,2020,6,64,6.3,3465,48,536.86,83.1
Apple,2018,8,64,6.0,3079,48,874.71,69.8
Xiaomi,2022,6,64,6.2,5831,64,334.65,48.5
Samsung,2021,8,256,6.6,4100,48,327.32,81.0
Apple,2019,6,128,6.0,4977,64,1157.44,77.7
Apple,2018,6,256,6.2,3732,64,735.07,81.2
Xiaomi,2020,6,128,6.4,4817,48,808.75,83.1
Google,2023,6,128,6.0,4563,12,868.37,55.3
Samsung,2019,8,128,6.6,4384,64,712.78,80.9
Xiaomi,2020,8,256,6.5,5124,48,555.81,86.1
Xiaomi,2021,8,128,6.9,5556,12,560.05,86.0
Samsung,2022,12,256,6.5,4187,12,1102.01,66.2
Xiaomi,2019,8,128,6.0,4198,64,510.3,92.3
Samsung,2019,8,128,6.5,5509,12,744.11,81.4
Samsung,2021,6,128,6.6,4611,12,869.33,83.3
Huawei,2023,8,256,6.6,5292,48,712.68,61.6
Huawei,2018,8,256,6.1,3121,64,921.1,86.4
Google,2022,6,64,6.0,3184,48,553.35,49.1
Apple,2019,8,128,6.0,3031,12,968.34,62.3
Samsung,2022,6,128,6.8,3997,12,251.35,94.0
OnePlus,2019,8,256,6.5,4986,48,986.73,85.6
Apple,2022,12,128,6.1,5809,12,1080.79,89.4
Samsung,2020,12,256,6.3,3568,48,623.89,99.2
Xiaomi,2019,8,512,6.3,5357,12,859.71,90.2
Samsung,2022,8,128,6.0,4395,108,922.77,86.4
Huawei,2018,8,256,6.3,4679,48,390.56,71.7
Apple,2020,8,64,6.4,3829,12,763.87,61.8
OnePlus,2020,6,64,6.9,4619,64,323.56,65.0
Apple,2018,8,64,6.1,4079,12,1084.6,96.2
Xiaomi,2022,8,64,5.8,3790,48,855.69,55.9
Xiaomi,2021,16,256,6.0,5511,64,579.76,92.4
Samsung,2018,8,64,6.0,5725,48,600.77,82.4
Huawei,2022,8,128,6.2,5717,48,612.76,97.0
OnePlus,2018,8,64,6.0,5745,48,1064.21,82.3
Huawei,2018,8,128,6.5,3993,12,606.49,68.7
Google,2019,8,64,6.0,3077,12,390.57,68.9
Xiaomi,2022,6,128,6.3,5581,64,874.58,74.9
Huawei,2021,8,64,6.9,3107,48,934.23,92.0
Samsung,2019,12,256,6.5,4296,12,936.3,97.1
Samsung,2018,8,256,6.4,5811,12,401.45,58.7
Samsung,2023,6,64,6.9,5062,108,647.89,79.2
Apple,2018,8,256,6.7,3369,200,946.18,87.4
Apple,2018,12,64,6.5,5252,48,992.19,81.4
Apple,2022,4,128,6.2,5004,64,340.28,42.6
Google,2022,8,64,6.3,4703,64,835.12,72.1
Apple,2019,12,128,6.3,5912,12,489.18,62.7
Apple,2021,8,128,6.2,3440,12,761.51,50.3
Xiaomi,2019,16,256,6.4,5906,12,964.37,101.0
Samsung,2020,8,128,6.4,3226,64,980.52,112.8
Google,2018,8,256,5.9,5575,64,981.53,95.5
Samsung,2023,8,64,6.8,5401,48,433.43,35.8
Huawei,2018,6,256,6.4,3622,12,445.18,72.4
OnePlus,2018,6,128,6.2,4024,48,509.3,66.2
Samsung,2019,8,64,6.4,4576,64,663.39,52.9
Samsung,2023,6,64,6.6,5974,64,754.18,82.0
Google,2023,8,64,5.9,4643,12,969.31,72.2
OnePlus,2023,12,128,6.3,4184,48,417.85,67.5
OnePlus,2019,12,256,5.9,3160,12,492.79,54.2
OnePlus,2018,8,64,7.1,3870,64,1005.91,65.9
Samsung,2019,12,256,6.3,4745,48,410.24,85.1
Apple,2022,8,128,5.9,4174,12,981.71,73.2
Samsung,2022,8,256,7.4,3443,64,677.84,90.9
Google,2019,6,128,6.1,4790,12,747.02,80.1
Xiaomi,2023,8,128,6.2,4494,64,447.16,69.8
Apple,2018,8,256,6.3,3462,12,976.79,62.7
Samsung,2019,8,128,6.0,3472,48,536.45,48.4
Apple,2019,8,128,6.4,5604,108,445.1,58.6
Apple,2019,4,64,5.6,3079,48,920.01,95.4
OnePlus,2020,8,128,6.6,4062,48,100.0,88.0
OnePlus,2022,12,128,6.0,3239,48,508.0,89.3
Google,2023,8,256,6.2,3556,12,722.78,67.6
Xiaomi,2021,16,64,6.5,3589,48,839.45,103.6
Samsung,2023,12,128,6.2,4360,64,1006.63,69.8
OnePlus,2021,12,128,6.3,4884,108,1094.39,70.0
OnePlus,2020,12,128,6.0,4975,64,1017.94,83.6
Xiaomi,2019,12,128,6.9,4303,48,697.89,52.3
OnePlus,2020,8,256,6.5,4139,64,931.4,59.4
Xiaomi,2020,4,128,6.0,5316,64,694.03,71.5
Xiaomi,2018,8,256,6.4,4939,48,821.48,68.1
Apple,2022,8,64,6.0,3334,12,650.16,60.2
Samsung,2021,6,64,6.8,3311,48,815.52,105.5
Samsung,2019,6,128,6.4,4076,64,581.69,95.4
Samsung,2021,16,64,6.0,5741,48,656.61,110.7
OnePlus,2023,12,128,6.5,3033,64,766.31,83.5
Apple,2021,12,64,6.2,4841,12,1322.84,77.7
Xiaomi,2023,8,256,5.9,3385,108,748.69,99.0
Huawei,2022,4,64,6.4,3248,48,647.07,76.3
Samsung,2023,4,256,6.4,4134,48,492.06,59.1
Apple,2021,6,64,6.6,4433,12,1024.05,60.1
OnePlus,2021,4,256,6.3,4202,12,566.14,70.1
Samsung,2023,4,256,6.3,3793,64,793.54,74.7
Samsung,2020,12,64,6.3,3851,108,875.49,86.2
Apple,2022,8,256,6.8,5921,48,1116.03,72.2
Samsung,2018,6,128,6.2,3375,12,910.59,110.1
Huawei,2019,6,256,6.4,3723,48,344.14,54.7
Google,2021,8,128,6.5,4610,12,220.7,85.1
OnePlus,2019,4,128,6.4,4913,12,825.37,67.8
Google,2018,12,256,6.2,3201,64,671.5,84.4
Google,2019,8,128,6.3,5492,108,747.87,89.1
Samsung,2018,8,64,6.3,4942,12,1129.94,48.3
Google,2023,6,256,6.9,5344,48,495.85,60.8
Xiaomi,2020,4,128,6.2,4331,12,972.85,73.0
Google,2021,8,128,6.0,3492,12,498.33,97.1
Google,2018,8,64,6.3,3337,12,1041.32,97.1
Apple,2019,8,128,6.3,4968,48,987.63,94.2
Samsung,2021,6,512,6.4,5970,12,423.22,42.1
Samsung,2020,8,128,6.2,4865,48,595.68,59.3
Apple,2023,8,128,6.3,3791,12,1278.92,59.9
Google,2021,12,128,6.3,4516,12,1097.55,84.2
Google,2018,6,256,6.6,5022,12,801.06,47.2
Samsung,2020,6,128,6.3,5364,64,788.56,91.5
Xiaomi,2019,8,128,6.3,3941,64,709.93,45.1
Apple,2020,8,256,6.5,5673,64,909.26,90.5
Samsung,2020,8,128,6.6,5122,48,664.8,88.1
Samsung,2022,8,64,6.0,5986,48,1002.75,58.6
Apple,2020,8,64,5.9,3058,48,944.46,93.9
Huawei,2020,12,128,6.8,5433,12,408.66,80.0
Apple,2021,8,128,6.5,5062,64,963.75,66.1
Xiaomi,2019,12,128,6.2,4254,48,691.25,78.7
OnePlus,2021,8,256,6.3,5246,48,571.88,70.0
Apple,2021,12,64,6.2,4377,48,1274.63,81.3
Huawei,2018,12,256,6.4,3034,48,675.94,81.7
Huawei,2021,6,128,6.0,3161,200,160.79,61.6
Apple,2022,12,256,6.6,5846,48,739.67,75.1
Xiaomi,2022,6,256,6.4,3894,48,898.37,66.4
Apple,2018,12,64,6.4,3470,48,568.38,110.1
Apple,2023,8,128,6.0,5578,200,1039.88,66.4
Samsung,2019,4,64,6.5,5839,48,450.58,65.5
Xiaomi,2019,8,256,6.0,5899,48,984.17,97.7
Xiaomi,2021,16,256,6.1,4446,12,506.86,80.2
Samsung,2021,4,128,6.3,3347,64,612.05,61.6
Apple,2023,8,128,7.1,3693,12,693.52,58.4
Huawei,2021,8,128,6.4,3934,48,799.36,53.7
Samsung,2019,12,256,5.5,3912,64,1161.03,93.1
Samsung,2020,8,128,6.1,3146,108,703.71,47.9
Xiaomi,2022,6,128,6.5,4711,48,647.27,95.2
Huawei,2020,4,128,6.0,3674,64,506.68,73.6
Samsung,2020,8,64,6.5,4439,12,293.16,68.4
OnePlus,2019,8,256,6.3,5734,64,531.62,71.6
OnePlus,2020,12,64,6.6,4517,48,335.25,91.9
Samsung,2023,4,128,6.1,4279,48,228.17,68.0
OnePlus,2018,8,64,6.1,3685,64,630.75,72.1
Apple,2021,4,128,6.5,4126,64,664.35,90.8
OnePlus,2018,6,128,6.3,3120,12,994.14,80.2
OnePlus,2022,8,512,6.3,5466,64,536.1,56.3
Xiaomi,2021,8,256,6.8,5397,12,817.59,64.4
Samsung,2020,8,128,6.5,3041,64,862.71,48.3
Google,2022,12,64,5.7,3028,48,984.28,94.2
Apple,2021,8,256,6.5,3965,12,753.94,85.8
Samsung,2023,16,128,6.5,4915,48,1029.76,71.0
Samsung,2023,12,64,6.7,5832,48,840.24,119.6
Xiaomi,2023,8,256,6.0,5000,48,934.82,111.6
OnePlus,2023,12,256,6.4,5061,12,1248.54,85.3
Samsung,2020,8,512,6.3,3919,12,769.19,63.0
Xiaomi,2018,4,256,6.0,3817,64,692.7,79.1
Samsung,2021,8,256,6.6,5872,12,609.55,62.7
OnePlus,2020,4,64,6.2,4508,48,1035.58,89.3
Samsung,2023,8,64,6.6,4212,48,1351.16,77.5
OnePlus,2018,8,128,6.1,3871,12,833.54,78.6
Apple,2022,4,128,5.9,3294,48,397.48,101.4
Huawei,2022,6,128,6.2,3863,48,429.22,65.7
Samsung,2022,12,128,6.4,5595,48,989.9,76.3
Apple,2023,8,128,6.1,4037,48,513.91,87.9
Samsung,2022,6,128,5.4,5682,48,549.87,68.7
Huawei,2019,8,64,6.4,3594,48,491.1,99.1
Google,2021,8,128,6.4,4182,64,630.71,90.0
Apple,2021,8,128,6.5,4517,12,864.18,69.4
OnePlus,2023,16,256,6.2,4352,108,177.64,57.8
Google,2019,8,64,6.2,3613,48,268.14,53.2
Xiaomi,2020,6,128,6.7,4872,64,274.11,67.8
Xiaomi,2020,12,256,5.8,4603,48,303.99,91.1
Samsung,2022,12,128,6.2,4583,48,704.0,101.5
Samsung,2018,6,64,6.3,4592,108,748.64,71.7
Google,2020,6,128,6.5,4155,12,903.3,61.7
Huawei,2018,6,128,6.4,3464,12,788.73,72.9
OnePlus,2021,8,256,6.0,4479,12,504.44,75.3
Apple,2018,8,64,6.7,5977,108,857.48,94.6
Apple,2021,8,128,6.3,4290,48,1063.56,93.7
OnePlus,2019,12,64,5.8,5846,48,593.15,70.0
Google,2019,8,128,6.4,5442,64,572.4,81.8
Google,2023,6,128,6.4,5293,48,413.76,62.2
OnePlus,2023,6,128,6.9,3567,64,448.79,62.6
OnePlus,2022,8,128,6.4,3037,48,821.39,90.6
Samsung,2020,6,64,5.9,3244,64,699.04,72.0
Samsung,2022,8,128,5.9,3020,12,1189.6,84.6
Google,2021,12,128,6.7,4133,12,480.82,93.0
Xiaomi,2022,6,128,6.1,4629,48,840.34,73.8
Samsung,2018,8,256,5.8,3393,48,796.6,80.0
Samsung,2021,8,128,6.6,4433,48,677.66,78.1
OnePlus,2023,8,128,6.2,3986,48,541.12,57.7
Samsung,2019,6,64,6.6,4671,12,850.03,82.3
Samsung,2023,8,128,6.0,5055,48,835.67,64.4
Xiaomi,2020,4,256,6.7,5375,48,700.5,59.0
OnePlus,2021,12,128,6.6,4910,12,756.41,97.8
OnePlus,2021,4,256,6.1,3289,48,659.12,66.1
Samsung,2018,8,128,5.8,4786,48,289.7,91.7
OnePlus,2020,8,256,7.0,5558,48,671.09,91.5
Samsung,2019,16,64,6.2,3911,12,632.86,77.8
Apple,2021,6,256,6.1,3360,108,1286.56,91.0
OnePlus,2021,6,128,6.7,4622,48,808.35,69.2
OnePlus,2018,4,128,6.6,5763,12,700.38,74.0
Google,2022,6,128,6.7,3218,48,765.71,82.4
OnePlus,2019,6,128,6.3,5453,64,394.22,105.6
Xiaomi,2023,8,512,6.9,5015,48,597.56,89.1
Samsung,2020,6,128,5.9,5040,64,616.3,74.1
Apple,2021,4,64,6.1,5044,12,897.11,76.5
Apple,2021,12,128,6.4,5800,64,691.31,61.3
Samsung,2023,6,128,6.7,5970,48,574.64,90.1
Huawei,2019,6,128,6.5,3831,12,383.03,88.5
Apple,2022,6,128,6.3,4793,48,806.28,79.3
Google,2021,16,128,6.2,4791,200,1728.48,95.8
OnePlus,2019,6,256,6.7,5841,64,757.13,44.6
Google,2023,12,128,6.5,4243,48,476.0,68.8
Xiaomi,2018,8,64,6.0,3594,12,742.69,102.0
Xiaomi,2022,4,256,6.0,5154,48,389.93,71.1
Xiaomi,2020,16,128,6.1,3580,12,595.23,96.4
Samsung,2021,6,128,6.1,5656,12,775.39,63.8
OnePlus,2019,4,128,6.6,4747,48,585.32,68.4
Apple,2018,12,128,6.4,5055,64,409.54,112.8
Samsung,2020,8,128,6.5,5853,48,339.34,72.6
OnePlus,2019,8,256,6.4,5236,12,705.22,82.9
Samsung,2019,6,64,6.4,3080,48,844.91,77.0
Huawei,2020,8,128,5.8,5155,108,734.83,78.7
Huawei,2018,8,256,6.5,4344,64,800.94,78.2
Huawei,2023,6,512,6.1,4602,48,679.86,45.3
Apple,2018,6,128,6.3,5733,108,984.61,82.2
Samsung,2022,4,128,6.2,3345,64,784.02,66.9
Huawei,2021,6,128,6.3,4886,12,490.14,101.7
Apple,2020,12,256,6.5,5375,48,928.61,73.4
Huawei,2023,8,256,6.0,3554,108,724.01,67.9
Huawei,2020,16,64,6.4,3301,48,1068.12,121.7
Google,2020,6,128,6.2,3199,12,994.83,85.9
Apple,2018,8,128,6.7,5940,48,776.92,60.2
Apple,2021,6,256,6.0,4062,48,695.58,77.6
Google,2022,6,128,6.0,3306,200,1039.78,56.7
Apple,2019,6,128,6.2,4656,48,937.88,78.9
Samsung,2019,6,512,6.0,4871,48,756.46,62.9
Xiaomi,2020,8,64,6.2,5515,64,152.73,103.0
Huawei,2021,16,128,6.1,5226,48,461.13,91.3
OnePlus,2023,8,128,6.3,5692,12,443.74,82.9
Xiaomi,2018,6,128,6.6,4846,108,613.4,89.2
Samsung,2021,4,64,6.3,4764,48,854.63,90.9
Xiaomi,2021,6,64,6.3,3275,48,842.81,64.7
Huawei,2018,8,128,6.0,4175,48,1025.01,76.4
Samsung,2020,8,256,6.3,4401,12,932.85,68.3
Xiaomi,2021,12,128,6.2,5668,108,324.88,116.4
Google,2019,4,128,6.5,3637,48,907.5,40.7
OnePlus,2018,8,128,6.1,4775,48,1083.33,66.4
OnePlus,2023,8,256,6.0,3929,12,1070.95,73.8
OnePlus,2022,8,256,6.4,4880,48,346.78,77.1
Apple,2020,8,128,6.9,3182,64,752.23,76.7
Apple,2018,8,128,6.2,4844,64,1040.24,74.3
Google,2022,8,64,6.4,3071,108,360.41,72.6
Google,2022,6,64,6.6,5766,48,218.77,78.6
Google,2023,8,128,6.5,4676,64,728.49,81.9
Huawei,2021,6,256,6.5,4295,48,481.1,101.9
Xiaomi,2023,8,256,6.3,5773,64,242.14,101.7
Xiaomi,2021,8,128,6.3,5316,64,957.38,79.5
Google,2021,8,256,6.1,4043,48,691.08,67.6
OnePlus,2018,12,256,6.4,5625,48,519.83,78.6
OnePlus,2018,12,128,6.4,3814,12,409.08,65.3
Google,2020,12,128,6.5,4526,48,693.64,99.3
Google,2021,8,256,6.2,5194,108,778.85,74.3
Apple,2022,8,128,6.5,5937,12,881.48,81.6
Apple,2019,8,256,6.6,3309,12,420.27,80.0
Samsung,2020,12,512,5.9,5565,12,919.21,74.5
Xiaomi,2018,8,128,6.2,5061,64,823.61,62.7
Samsung,2023,16,256,6.7,3131,48,614.15,39.1
Xiaomi,2020,12,256,6.1,4877,12,909.9,92.3
Xiaomi,2020,8,128,6.5,5802,48,437.02,73.8
Apple,2020,6,128,6.3,5486,48,1122.65,48.5
Xiaomi,2020,6,64,6.4,5790,48,683.08,59.6
Samsung,2019,12,128,6.3,3739,64,575.96,81.0
Samsung,2023,6,128,6.5,3794,48,620.39,74.5
Google,2023,12,64,6.0,5310,48,899.82,92.7
Apple,2023,8,64,6.0,5690,12,859.31,75.6
Samsung,2021,8,64,6.7,3257,12,861.27,69.6
Xiaomi,2022,12,256,6.9,4257,48,918.67,79.0
OnePlus,2023,8,512,6.3,5456,48,618.51,78.0
Samsung,2020,8,512,6.8,4851,48,831.82,81.3
Xiaomi,2020,8,128,6.1,3974,12,593.89,70.1
Samsung,2023,6,256,6.1,4047,12,954.26,58.8
Samsung,2023,8,256,6.7,3270,64,604.39,73.5
Xiaomi,2020,6,128,6.5,4118,48,661.96,65.3
Xiaomi,2021,12,128,6.8,3141,64,1223.93,89.3
OnePlus,2018,12,64,6.4,3901,64,971.28,107.2
OnePlus,2018,6,256,6.0,3273,48,391.19,54.7
Huawei,2023,8,128,6.4,5323,64,875.49,92.3
Xiaomi,2019,8,128,6.7,3464,48,822.19,82.0
Apple,2023,6,128,6.3,4231,12,524.84,91.5
Google,2023,16,128,6.2,4319,48,622.49,78.5
Apple,2018,4,128,6.4,3287,48,563.07,53.3
Apple,2020,6,128,6.1,3875,48,201.85,77.7
Samsung,2023,8,64,6.4,4992,48,663.51,96.0
Samsung,2020,8,256,6.3,5925,48,573.48,59.1
Huawei,2020,8,128,6.2,5227,12,374.77,61.3
Google,2019,8,128,6.6,4120,12,647.6,83.8
OnePlus,2020,8,128,6.5,4214,12,119.85,67.3
Apple,2018,8,128,6.2,3446,12,810.32,100.0
Samsung,2021,4,128,6.3,5832,48,703.85,84.8
Samsung,2021,6,128,6.2,5608,48,869.68,64.2
Apple,2022,6,256,6.1,5531,12,399.21,66.5
Xiaomi,2023,6,256,5.8,5896,64,1184.86,67.1
OnePlus,2018,8,256,6.2,3721,64,1088.95,74.4
OnePlus,2020,6,64,6.1,5163,48,456.7,79.6
Apple,2021,6,128,6.3,5582,64,1164.93,78.5
Huawei,2018,6,256,6.4,4351,48,864.27,58.1
OnePlus,2021,12,128,6.1,3406,12,540.14,98.5
Xiaomi,2020,12,64,6.4,4725,108,498.29,80.6
Xiaomi,2021,8,128,6.0,3693,12,517.19,61.1
Apple,2023,12,64,6.3,3494,108,1506.59,78.1
Samsung,2023,8,128,6.1,3947,48,1040.03,90.2
Apple,2022,8,512,6.5,3022,48,849.31,77.9
OnePlus,2022,4,128,6.3,4128,48,620.89,79.2
Samsung,2021,8,128,6.3,4698,48,911.86,57.5
Samsung,2018,8,512,6.1,3557,12,1000.91,77.0
Samsung,2023,8,512,6.2,4616,48,560.78,90.0
Samsung,2018,8,128,6.8,3940,64,774.38,48.0
Google,2018,8,128,6.1,4245,48,511.86,69.2
OnePlus,2021,8,256,6.4,5902,12,688.05,84.3
Xiaomi,2018,12,256,6.3,5938,48,638.0,87.4
Samsung,2023,6,128,6.4,4656,64,954.41,59.7
Xiaomi,2020,8,256,6.6,3077,48,582.93,81.0
Xiaomi,2022,8,128,6.2,4345,48,679.58,57.5
Samsung,2020,8,128,6.5,3806,108,230.48,62.0
Apple,2018,8,128,7.1,4041,48,880.91,63.6
Apple,2020,4,128,6.5,3767,48,605.37,98.2
Xiaomi,2023,8,256,6.8,3453,64,270.72,50.0
OnePlus,2023,6,128,6.4,5975,64,932.28,51.1
Samsung,2018,8,64,6.0,5324,12,689.56,79.2
Apple,2021,8,128,6.4,4447,12,280.71,76.6
Xiaomi,2020,8,128,6.2,4499,64,454.09,68.0
Xiaomi,2021,6,128,6.1,4050,12,651.25,75.2
Google,2021,8,128,6.3,5561,108,658.69,59.0
OnePlus,2019,6,128,6.3,4888,12,525.15,76.4
Samsung,2018,12,256,6.0,5511,48,100.0,88.1
Samsung,2022,12,64,7.1,5854,12,562.02,103.2
OnePlus,2023,16,128,6.5,5871,64,917.76,113.6
Samsung,2023,8,256,6.4,3362,64,1050.6,71.0
Xiaomi,2018,8,128,6.3,5798,48,498.13,55.9
Huawei,2022,6,128,6.7,3524,108,1120.83,80.8
Xiaomi,2023,6,512,6.9,4217,12,345.75,73.0
Apple,2018,8,128,6.5,4485,12,597.49,72.3
OnePlus,2023,8,64,6.3,5103,64,872.87,50.8
Xiaomi,2021,12,128,6.7,4253,64,833.51,86.5
Xiaomi,2020,6,64,6.3,5536,64,647.6,81.3
Huawei,2020,12,512,6.4,4855,64,470.22,99.9
Apple,2023,8,128,6.6,3721,48,519.55,67.4
Huawei,2019,8,256,6.2,4983,12,468.58,62.6
Huawei,2022,6,256,5.7,4207,108,380.41,67.3
Samsung,2022,4,128,6.2,4448,48,732.68,89.0
Samsung,2022,8,128,6.5,4398,48,676.93,95.8
Samsung,2021,8,64,6.5,5088,48,409.66,91.8
Samsung,2022,6,128,6.7,4507,12,611.28,84.7
Samsung,2020,8,64,6.2,4003,64,100.0,74.5
OnePlus,2021,12,256,6.8,5307,12,734.81,86.9
Samsung,2018,12,512,6.4,5488,64,979.18,89.0
Apple,2022,12,128,6.5,3925,48,572.05,81.2
Google,2022,6,128,6.6,3855,48,453.41,88.3
Samsung,2018,6,256,5.9,3083,48,764.47,50.2
Google,2022,8,128,6.0,5093,12,676.57,53.0
Apple,2018,8,256,6.0,5487,48,993.28,50.2
Samsung,2021,4,128,6.6,4542,48,505.83,63.0
OnePlus,2020,6,128,6.2,3985,48,484.86,95.2
Xiaomi,2018,8,256,6.9,4868,12,594.83,57.2
Google,2019,6,128,6.3,3135,12,383.47,57.7
OnePlus,2018,6,256,5.9,4206,12,589.38,62.6
Google,2022,6,256,6.1,4732,48,387.56,91.6
Apple,2021,4,64,6.3,4195,12,904.39,96.5
Samsung,2023,8,64,6.5,3908,64,466.17,90.2
OnePlus,2021,8,512,6.0,5908,48,813.22,91.2
Google,2023,8,256,6.5,5835,64,1014.15,99.8
Huawei,2018,6,64,6.6,3589,64,757.06,48.1
Apple,2020,6,256,6.1,4951,12,843.97,56.6
Apple,2019,8,128,6.9,3955,64,459.09,64.5
OnePlus,2021,8,128,6.1,5737,48,997.26,76.6
Apple,2022,8,256,6.0,5586,64,1078.93,76.5
Huawei,2023,6,64,5.8,4143,64,610.91,76.7
Google,2022,12,256,6.7,4331,12,553.97,97.5
Apple,2020,6,128,6.3,5755,48,596.5,46.2
OnePlus,2023,8,128,6.2,4553,48,1097.34,72.9
OnePlus,2021,8,128,5.9,5342,48,845.99,79.0
Samsung,2018,8,128,6.2,4806,12,510.4,70.1
Huawei,2022,6,128,7.0,5100,12,924.82,77.8
Xiaomi,2020,8,64,5.7,3805,48,984.79,90.3
Google,2021,8,128,6.1,4455,48,644.7,75.9
Apple,2021,6,128,6.8,3051,108,713.91,107.1
Google,2021,6,64,6.7,5775,64,401.73,89.3
Apple,2021,6,256,6.1,3071,48,976.86,79.0
Samsung,2023,12,128,6.4,3027,12,593.23,92.6
Huawei,2021,4,128,6.4,3468,12,532.89,86.1
Samsung,2022,16,128,6.3,3763,48,697.12,110.3
Apple,2020,8,128,6.8,5933,64,595.5,92.6
Huawei,2023,16,64,6.4,5959,48,1032.11,92.7
Huawei,2021,12,128,6.6,5594,48,891.98,74.1
Xiaomi,2019,8,128,6.4,4424,64,669.14,81.2
OnePlus,2019,6,256,5.7,5248,108,437.19,83.7
Apple,2020,6,256,5.9,3819,12,600.69,86.7
Apple,2018,6,128,6.0,4489,12,589.66,64.0
Apple,2018,8,64,6.2,4675,48,492.33,86.1
OnePlus,2023,6,128,6.9,3559,48,730.67,87.0
OnePlus,2023,6,64,6.4,3378,108,489.39,56.9
Google,2023,8,64,6.3,4918,12,475.11,57.0
Google,2018,12,128,6.7,4075,12,446.52,101.8
Samsung,2019,6,128,5.9,3078,64,950.89,62.2
Xiaomi,2018,4,128,6.2,4408,64,460.36,98.1
Samsung,2022,4,64,6.1,3833,200,1017.26,70.8
Xiaomi,2021,12,64,6.4,4031,48,578.08,90.8
Apple,2023,8,64,6.6,5072,48,488.73,80.0
Google,2019,6,64,6.4,3449,12,767.32,64.3
Apple,2020,6,128,6.4,5815,12,1021.82,95.9
Samsung,2020,6,128,6.2,5802,48,485.49,70.8
Samsung,2021,6,64,6.4,4992,48,715.81,75.9
OnePlus,2019,12,128,6.0,4484,12,729.62,55.3
Xiaomi,2018,8,128,6.5,5245,64,673.91,55.0
Samsung,2018,8,64,6.1,4742,12,585.46,91.9
Samsung,2022,12,64,6.0,4970,64,920.41,84.9
OnePlus,2022,6,128,6.3,5484,12,587.22,66.2
Samsung,2018,8,128,5.7,4550,64,548.58,66.5
Google,2020,12,128,6.7,3689,12,208.73,93.2
OnePlus,2023,6,64,6.5,4990,64,211.06,93.9
Samsung,2020,8,256,6.4,4401,12,753.98,66.6
Samsung,2022,6,128,5.8,3586,48,680.74,91.4
Huawei,2021,6,128,6.1,5151,64,871.86,72.6
Apple,2018,6,256,6.3,4829,12,1082.57,82.5
Apple,2022,8,256,6.2,4985,12,738.72,48.4
Google,2022,8,128,5.8,3626,64,887.16,50.9
Huawei,2023,12,128,5.9,5031,64,509.54,97.3
Huawei,2018,8,128,6.2,5505,12,612.53,79.1
OnePlus,2023,12,64,5.9,3363,12,605.38,91.1
Apple,2018,12,128,6.7,5182,12,1194.77,68.8
Samsung,2023,6,64,6.4,3373,12,380.38,68.7
OnePlus,2020,8,128,6.1,5086,108,664.78,49.9
Xiaomi,2021,6,256,6.7,4987,48,475.99,62.3
Apple,2021,8,512,6.6,5866,48,825.25,74.7
Huawei,2018,12,128,6.4,5094,200,564.55,89.9
Samsung,2019,6,128,6.3,5083,48,718.02,64.3
Xiaomi,2022,8,128,6.2,5142,48,986.73,83.3
Samsung,2022,8,256,6.1,4384,48,1175.5,74.4
Xiaomi,2018,8,128,5.9,4548,48,814.14,35.8
Samsung,2023,6,64,6.8,4169,48,455.22,76.3
Samsung,2019,6,64,6.1,4940,12,656.34,106.5
Samsung,2020,4,128,6.3,3367,12,765.15,72.6
OnePlus,2023,6,128,6.0,3064,12,548.27,89.3
OnePlus,2023,4,256,6.2,3753,12,580.73,83.2
Xiaomi,2018,8,128,7.2,4543,48,632.21,71.3
Huawei,2018,6,128,6.1,5035,48,843.05,51.7
Apple,2022,12,128,6.7,5863,48,932.55,75.6
Apple,2018,8,64,6.3,4876,12,647.46,76.1
Google,2018,8,256,6.5,4578,48,798.21,73.4
Samsung,2018,8,256,6.7,3755,12,1131.09,94.4
Huawei,2022,8,512,6.4,5228,48,371.76,64.0
Samsung,2020,12,256,6.2,4524,64,590.67,82.8
Huawei,2020,4,64,6.2,3596,12,521.66,83.0
Samsung,2018,6,64,6.3,5834,64,719.98,70.8
Google,2022,8,128,6.9,5674,64,194.03,89.6
Xiaomi,2020,4,256,5.9,4834,12,990.27,58.7
Huawei,2023,4,64,5.8,5663,12,661.7,52.2
Samsung,2020,6,64,5.8,4395,108,774.53,70.7
Xiaomi,2020,4,256,6.0,4586,12,695.58,73.9
Huawei,2022,8,64,6.5,3111,64,520.87,78.3
Xiaomi,2023,6,128,6.5,3452,48,824.66,77.1
Xiaomi,2022,12,128,6.1,5803,12,651.31,78.9
OnePlus,2018,8,128,6.3,5631,12,128.83,52.4
Xiaomi,2021,8,64,6.0,5186,48,622.96,73.2
Xiaomi,2020,8,256,6.0,4871,48,580.61,59.4
Xiaomi,2021,12,128,6.5,5278,48,824.19,86.1
Huawei,2022,6,512,6.6,4262,108,1425.35,58.4
Samsung,2022,12,128,6.2,3252,64,794.42,90.7
Apple,2022,8,64,6.8,5004,12,1329.95,100.0
Huawei,2021,8,256,6.6,4459,64,478.44,64.1
Google,2022,8,128,6.8,4942,64,494.47,56.0
Xiaomi,2018,6,128,6.2,5608,108,588.39,92.2
Xiaomi,2022,8,256,6.8,4326,48,756.3,101.5
Apple,2019,8,128,7.0,5119,64,639.85,56.3
Samsung,2021,4,128,6.2,4857,48,297.04,73.6
Xiaomi,2019,8,64,6.3,5269,48,655.76,82.3
Apple,2022,6,128,6.0,4100,200,514.25,71.1
Xiaomi,2018,6,128,6.0,3061,12,928.96,48.7
Samsung,2020,6,128,6.0,4494,12,860.97,54.4
Huawei,2023,4,256,6.1,4180,64,460.12,56.0
Huawei,2023,8,256,6.4,3805,12,763.95,59.4
OnePlus,2022,6,64,6.1,5172,64,512.96,76.3
Xiaomi,2018,16,64,6.4,5788,64,636.95,50.7
Apple,2021,8,64,6.4,4875,12,789.58,54.6
Google,2019,6,64,6.2,5208,48,566.09,63.2
OnePlus,2019,8,128,6.3,3540,64,857.67,58.4
Samsung,2019,12,256,6.1,3625,48,420.21,89.3
Huawei,2021,8,256,6.2,4614,108,784.24,62.7
Google,2023,4,128,6.1,3105,64,726.13,59.8
Huawei,2018,12,128,6.3,4154,48,298.86,61.0
OnePlus,2021,8,128,6.1,4708,12,451.39,95.4
Xiaomi,2019,6,64,6.0,5823,108,376.53,107.8
Apple,2022,4,128,6.5,4908,48,708.39,76.3
Huawei,2020,8,512,6.5,5049,12,762.11,97.3
Google,2021,6,128,6.6,5280,64,417.9,66.5
Samsung,2021,12,256,6.0,3368,64,942.28,85.0
Samsung,2018,6,128,6.2,4274,48,964.45,84.8
Apple,2018,12,64,6.4,3945,48,1108.6,73.7
Google,2021,8,128,6.1,5227,48,100.0,72.6
Huawei,2019,6,128,6.5,3292,64,1137.04,70.8
Samsung,2020,6,64,6.4,3583,64,741.51,81.6
Xiaomi,2018,8,128,6.4,5842,108,661.82,75.9
Apple,2019,8,256,6.7,5222,48,774.53,64.1
Huawei,2022,8,128,6.5,5170,64,319.69,70.5
Google,2018,6,128,6.3,5274,108,739.94,91.7
Google,2019,6,256,6.2,5491,12,1052.99,83.2
Xiaomi,2019,4,256,6.3,5475,12,688.51,81.9
Apple,2020,8,256,6.0,3764,64,521.23,108.8
Apple,2020,4,128,5.8,5679,12,418.67,58.0
Samsung,2022,8,256,6.4,5112,12,626.49,85.6
Google,2019,8,64,6.7,4304,12,463.99,75.8
Google,2023,12,128,6.2,4414,48,825.64,90.2
Huawei,2019,6,64,6.8,3427,12,992.6,77.7
Huawei,2020,6,128,6.2,5665,48,767.41,64.5
Xiaomi,2023,8,128,5.7,5972,108,628.73,59.5
OnePlus,2018,8,128,6.6,5014,64,616.87,75.0
Huawei,2018,6,128,6.2,5859,64,667.77,63.3
Google,2021,12,64,6.6,3106,12,360.01,79.5
Samsung,2020,12,128,5.9,3658,64,850.57,97.0
Xiaomi,2021,6,256,6.4,4182,64,379.8,56.6
Samsung,2023,6,512,6.1,5312,48,1079.04,72.1
Huawei,2020,8,64,6.4,4225,12,559.19,90.8
Xiaomi,2022,8,256,6.5,3154,48,857.7,67.4
Samsung,2019,4,128,6.5,3895,64,331.68,97.0
OnePlus,2022,8,128,6.3,4521,48,855.94,51.7
Xiaomi,2023,8,64,5.9,4620,64,990.63,102.3
Apple,2020,6,128,6.5,3992,48,479.61,75.3
Samsung,2023,8,256,6.6,5292,48,671.62,55.1
OnePlus,2019,12,128,6.0,4323,64,733.72,97.5
Xiaomi,2018,4,128,6.0,4385,12,745.97,81.5
OnePlus,2018,6,128,6.6,5433,48,565.11,95.7
Xiaomi,2023,8,64,6.2,5806,200,521.04,52.0
Google,2021,12,256,6.0,5461,64,713.32,68.6
Xiaomi,2020,16,256,6.4,4301,12,738.14,96.6
Xiaomi,2020,8,64,6.1,5762,12,493.15,113.2
Google,2018,8,256,6.3,3758,48,443.74,83.6
Apple,2022,8,128,6.2,3746,64,1102.84,86.0
Samsung,2019,8,512,6.2,3592,48,826.92,63.6
Samsung,2022,6,128,6.6,4548,48,132.07,72.3
OnePlus,2022,6,64,5.6,5886,12,954.38,65.7
Xiaomi,2023,6,128,6.5,3015,64,500.71,82.5
OnePlus,2018,8,128,6.6,3992,64,666.69,88.9
Samsung,2018,4,64,6.1,4068,108,793.72,77.8
Samsung,2018,12,128,6.6,4344,48,329.08,96.9
Samsung,2023,6,128,6.0,5698,64,627.8,37.3
Apple,2021,6,256,6.1,5195,48,1129.39,94.9
Xiaomi,2022,8,64,6.1,5402,48,922.34,62.1
Apple,2023,8,128,6.6,3702,64,727.41,96.2
Apple,2020,4,64,5.8,3612,12,978.96,64.3
Huawei,2019,6,256,6.8,3104,48,861.88,75.2
Apple,2021,16,64,6.2,4497,64,999.13,67.1
Xiaomi,2020,6,256,6.5,3395,48,363.49,82.6
Google,2022,6,256,6.5,5653,12,1060.29,77.0
Apple,2018,12,128,6.3,5010,48,684.04,96.1
Xiaomi,2022,4,128,6.1,3850,48,677.33,49.0
Google,2023,8,64,6.7,4988,108,562.18,77.0
Huawei,2019,6,128,6.1,3441,12,707.44,81.1
Samsung,2023,6,256,6.1,4668,64,483.93,60.2
Huawei,2021,6,256,6.6,3872,12,593.72,83.0
Xiaomi,2021,4,64,6.3,3666,12,695.69,40.5
Apple,2019,6,128,6.7,4051,12,1106.16,73.1
Xiaomi,2020,4,256,6.3,5841,64,925.98,96.2
Huawei,2020,8,128,6.1,5522,12,938.64,73.0
Xiaomi,2021,6,64,6.4,3627,64,867.16,64.2
Apple,2021,8,128,6.2,4428,48,1261.67,74.0
OnePlus,2018,12,128,6.1,5549,200,577.46,86.5
Samsung,2020,8,256,6.5,3347,64,660.56,88.4
Samsung,2019,4,128,6.8,4263,64,650.26,76.9
Samsung,2020,12,128,6.2,4017,64,684.72,96.4
Samsung,2018,6,256,6.0,3569,48,340.94,76.4
Samsung,2023,6,128,6.3,5742,64,766.19,63.8
Samsung,2021,8,256,6.5,5073,12,824.01,54.0
OnePlus,2021,8,128,6.4,4952,12,585.65,80.6
Samsung,2018,8,64,6.7,5264,48,260.66,37.9
Apple,2019,6,256,6.5,4351,48,805.36,48.5
Google,2021,8,128,6.0,5884,48,326.32,54.0
Xiaomi,2022,6,64,6.2,5821,48,756.83,85.7
OnePlus,2021,12,128,5.9,3669,48,679.83,62.7
Samsung,2022,6,64,6.6,3717,48,754.34,82.1
Samsung,2018,12,128,5.7,5357,12,434.74,69.5
Samsung,2018,8,256,5.9,5646,108,1015.4,72.8
Samsung,2021,12,256,6.1,3266,108,742.55,84.1
Apple,2020,8,256,6.5,4438,108,571.44,72.6
Samsung,2022,8,64,6.1,5693,48,844.91,65.3
Samsung,2019,6,128,6.2,4356,48,724.43,51.5
Samsung,2021,6,64,6.2,4022,108,1159.23,75.4
Xiaomi,2019,6,256,6.4,5037,108,511.78,83.4
Samsung,2021,12,128,5.9,5497,64,388.12,95.2
Apple,2020,12,128,6.0,3564,48,872.34,86.2
Xiaomi,2020,8,256,6.8,4270,48,903.06,78.9
OnePlus,2020,6,128,6.4,4059,64,1230.74,63.4
Samsung,2023,6,128,6.5,4424,12,1554.65,81.7
Google,2020,8,512,6.3,3027,48,361.99,81.2
Xiaomi,2018,8,512,6.3,3219,64,716.19,70.5
Samsung,2018,8,128,6.4,3405,64,388.95,75.7
Google,2023,16,128,6.5,4637,48,588.15,84.6
Huawei,2022,6,512,6.6,4798,48,1369.31,81.8
Samsung,2019,8,64,6.3,5318,200,495.07,51.8
Apple,2021,8,128,6.6,4759,48,794.51,51.5
Google,2021,6,64,5.6,4674,64,504.78,52.3
OnePlus,2023,6,128,6.6,3791,64,399.18,68.3
Samsung,2018,4,64,6.2,3962,64,1148.2,81.8
Samsung,2021,12,128,6.5,4309,64,315.19,51.3
Apple,2018,8,128,6.1,3833,48,779.37,76.4
Xiaomi,2022,8,128,5.9,3316,48,671.99,92.9
Xiaomi,2019,12,512,6.4,4320,48,741.74,89.1
Apple,2022,8,256,5.8,5385,12,721.07,44.7
Xiaomi,2023,6,256,6.2,4330,12,1053.59,82.8
OnePlus,2020,8,128,6.1,3350,12,122.03,78.6
Samsung,2020,8,64,6.2,3510,64,809.11,69.9
Apple,2020,8,128,6.5,5572,12,920.25,77.7
OnePlus,2022,8,256,6.2,3491,12,721.75,54.1
Google,2021,8,128,6.4,4931,12,442.29,75.8
Xiaomi,2019,6,64,6.5,4617,48,951.26,82.2
Xiaomi,2020,12,256,6.1,5056,12,938.75,74.6
Samsung,2023,4,128,6.1,4520,48,483.48,67.9
Apple,2023,6,128,6.7,4583,12,500.53,66.5
Xiaomi,2020,6,512,6.3,5608,64,402.22,67.9
Samsung,2020,4,256,6.5,5487,108,756.35,62.5
Apple,2019,6,128,6.5,4575,108,811.7,63.4
Apple,2020,12,512,5.9,5839,48,809.72,92.7
Samsung,2019,12,128,6.1,4761,48,1220.33,58.9
Apple,2023,6,256,6.4,4991,48,684.73,77.7
Samsung,2020,6,64,5.7,4268,48,746.87,82.7
Apple,2022,6,64,6.2,5080,48,751.42,54.7
Samsung,2022,6,128,6.0,4046,12,1190.78,73.9
Google,2023,4,256,6.6,5892,64,152.58,61.3
Xiaomi,2019,12,128,6.4,5613,12,572.52,102.0
OnePlus,2022,6,64,6.7,3048,48,803.56,71.9
Google,2019,8,64,6.3,3461,48,594.4,97.1
Xiaomi,2022,4,256,6.3,5637,48,323.92,94.8
Samsung,2022,12,64,6.2,3335,64,744.15,89.6
Xiaomi,2019,8,128,6.1,4381,48,244.67,107.1
Xiaomi,2021,12,64,7.1,4145,48,817.56,61.4
OnePlus,2022,8,64,6.5,3358,48,546.68,96.7
Apple,2020,6,128,6.0,5393,12,654.63,71.0
Samsung,2023,6,128,7.1,3192,48,961.54,73.1
Apple,2021,8,128,6.2,4439,108,549.19,68.1
Apple,2019,6,128,6.4,4400,200,414.38,53.2
OnePlus,2021,8,256,6.6,3755,64,422.38,83.5
Xiaomi,2018,4,128,5.8,4684,12,1161.75,56.4
Apple,2018,4,128,6.1,5525,12,549.08,66.1
Huawei,2022,8,512,6.8,3827,48,841.38,66.8
Xiaomi,2022,8,64,6.2,3889,64,860.84,89.9
Samsung,2020,8,256,6.6,3652,64,465.06,73.9
Samsung,2023,6,64,6.2,5455,64,465.39,38.3
Samsung,2021,8,128,6.3,5333,48,745.04,61.5
Samsung,2018,6,128,6.8,4921,12,756.33,51.6
Samsung,2022,4,512,6.4,3850,12,1136.9,82.5
Samsung,2023,8,128,6.2,3110,12,507.69,57.3
Apple,2021,6,128,6.1,3619,48,705.69,65.9
Samsung,2022,6,512,6.1,3792,12,1509.6,101.3
Google,2022,6,128,6.7,5097,64,201.84,84.6
Samsung,2018,6,128,6.5,4157,48,200.58,57.5
Xiaomi,2018,4,128,6.0,3587,48,304.24,87.4
Apple,2022,4,256,6.3,5643,12,1075.4,64.2
Huawei,2019,6,64,6.3,5717,12,540.43,87.3
Samsung,2022,4,64,6.4,4309,64,590.34,68.8
Apple,2023,8,128,6.1,4957,48,558.69,60.6
Huawei,2022,6,128,6.6,5361,48,879.6,59.2
Google,2020,6,512,6.3,5653,64,408.11,79.3
Google,2020,6,256,6.4,3296,48,504.62,88.7
Apple,2020,8,256,6.1,4629,48,568.59,80.6
Samsung,2019,12,256,6.1,3568,64,100.0,78.5
OnePlus,2019,8,128,7.1,4187,64,530.44,48.0
Huawei,2022,8,64,6.8,3831,48,635.21,65.4
Xiaomi,2020,8,256,6.3,3609,48,456.12,56.2
Xiaomi,2019,8,128,6.8,3015,48,582.93,95.5
Apple,2018,8,128,6.7,4369,64,739.34,69.0
OnePlus,2022,6,256,6.1,3071,48,616.74,79.5
Samsung,2023,6,128,6.1,3269,64,436.49,69.8
Apple,2021,6,256,6.5,3286,64,522.13,81.4
Apple,2022,12,128,6.4,3065,108,811.74,95.8
Xiaomi,2021,8,128,6.2,3879,12,280.98,109.9
Samsung,2020,8,64,6.5,3067,12,646.47,68.2
Samsung,2021,6,128,5.9,4216,12,1108.87,90.6
Xiaomi,2020,8,256,6.3,4402,64,640.29,79.2
Apple,2018,6,128,5.9,3973,48,343.36,66.3
Xiaomi,2021,6,128,5.9,3507,12,694.95,67.4
Samsung,2022,12,64,6.1,5884,12,904.62,92.1
Xiaomi,2020,8,64,6.4,4125,48,451.17,70.6
Xiaomi,2022,6,128,6.1,3885,12,575.26,76.6
Samsung,2019,12,256,5.9,5841,12,480.58,95.0
Apple,2020,6,128,6.4,5469,48,684.45,112.4
Samsung,2021,16,256,6.7,4987,12,533.61,85.5
Samsung,2020,6,256,6.5,3774,12,808.92,58.1
Huawei,2022,6,128,6.8,5525,64,1064.57,81.0
Apple,2018,6,128,6.7,3925,64,814.3,67.7
Google,2020,6,256,6.2,3119,48,264.56,103.4
Apple,2021,6,128,6.5,4938,12,1432.36,67.5
OnePlus,2019,8,128,6.3,3487,64,795.72,75.3
OnePlus,2023,12,64,6.6,5125,48,846.62,94.3
Xiaomi,2018,8,512,6.3,3440,12,734.07,82.4
Xiaomi,2019,6,256,6.1,3461,12,708.18,95.9
Apple,2020,8,256,6.7,3611,12,714.54,85.0
Apple,2022,6,64,6.4,4317,48,1025.92,110.1
Huawei,2022,4,128,6.1,4659,64,530.65,81.7
Google,2021,8,64,6.2,3916,64,772.34,94.5
Huawei,2022,8,64,6.1,5656,48,892.35,68.0
Samsung,2018,4,128,6.0,3005,48,1011.48,104.6
OnePlus,2022,4,512,6.2,3680,48,1007.99,69.8
Huawei,2021,16,256,6.4,5942,48,394.1,107.3
Samsung,2023,4,128,6.3,5318,12,1093.19,88.4
Samsung,2020,8,64,6.2,4643,48,866.06,76.0
OnePlus,2020,8,128,6.7,5858,64,726.4,97.4
Xiaomi,2022,6,128,5.7,5606,48,755.22,74.8
Google,2019,6,256,6.4,3098,64,610.4,95.5
Samsung,2020,6,256,6.3,3525,48,583.34,80.7
Google,2023,8,128,6.0,5241,48,557.87,69.3
Samsung,2022,8,128,6.4,4180,12,1022.03,79.8
Samsung,2021,8,64,6.2,4689,48,720.26,75.5
Samsung,2023,16,128,6.7,4138,64,770.43,78.4
Google,2022,8,128,6.6,3395,48,665.04,78.5
OnePlus,2023,8,64,6.9,3769,12,483.02,81.1
Xiaomi,2020,8,128,6.2,4826,12,113.29,38.2
Apple,2021,8,256,6.7,4545,48,992.18,82.5
Google,2022,8,128,6.0,5927,48,815.69,86.1
Apple,2018,8,64,6.3,5792,48,797.14,96.8
Google,2021,8,64,6.2,3682,108,377.44,56.5
Apple,2018,4,128,6.5,4556,64,1255.2,59.7
Apple,2023,8,128,6.5,3014,48,714.71,78.1
Xiaomi,2019,6,128,6.0,5415,12,712.06,64.3
Apple,2021,6,128,6.5,5685,12,624.21,57.2
OnePlus,2023,4,128,6.2,5900,48,312.57,68.8
Xiaomi,2018,8,256,6.1,4236,64,797.41,69.6
Samsung,2020,8,128,6.3,5747,64,324.8,59.8
Google,2020,6,256,5.9,3004,48,707.26,59.7
Apple,2019,8,128,6.6,5278,12,857.99,73.2
Xiaomi,2021,8,64,6.3,4908,108,370.06,53.3
Huawei,2021,6,128,6.3,4425,200,325.9,53.0
Xiaomi,2021,8,128,6.3,4607,48,457.39,76.1
Samsung,2023,8,256,6.8,5633,12,543.11,97.6
Huawei,2019,8,256,6.8,3168,48,267.57,86.0
Xiaomi,2021,8,256,6.7,5808,64,368.71,93.3
Apple,2023,8,256,6.3,3791,48,818.98,47.9
Samsung,2020,4,128,6.0,3999,64,1197.41,53.9
Google,2018,6,128,6.3,3151,12,901.91,75.2
Xiaomi,2023,4,128,6.4,5271,12,690.13,87.5
Xiaomi,2020,16,512,6.5,3503,12,1032.09,94.6
Google,2020,6,256,6.4,4573,108,938.87,54.8
Google,2018,6,64,6.0,5091,48,573.76,92.0
Samsung,2020,12,256,6.1,5744,64,764.47,83.8
Apple,2019,12,64,6.1,3503,12,1044.47,96.7
Samsung,2018,8,128,6.5,5977,108,978.62,65.9
OnePlus,2020,4,128,6.5,3842,64,931.02,51.8
Samsung,2022,4,128,6.5,3350,12,443.25,87.7
Xiaomi,2023,6,256,6.4,5070,64,943.76,82.0
OnePlus,2020,6,128,5.7,4659,12,1114.52,56.3
Google,2019,4,64,5.8,3597,12,1023.36,65.0
Apple,2021,8,128,6.3,4066,12,528.62,85.3
Google,2020,12,128,6.3,5513,108,315.76,88.1
Samsung,2021,6,128,6.7,3039,108,816.31,82.5
Google,2022,8,128,6.3,5350,48,1018.71,67.1
Samsung,2020,8,64,6.0,3174,64,756.54,96.3
Apple,2018,6,128,6.5,3998,48,741.26,73.3
Google,2021,8,128,6.3,4484,64,627.45,39.5
Samsung,2022,6,256,6.2,5668,12,955.12,76.6
Samsung,2018,6,64,5.8,4216,48,619.6,84.1
OnePlus,2018,8,128,6.3,5291,48,770.24,79.5
OnePlus,2018,6,128,6.4,3835,12,617.41,68.6
OnePlus,2018,16,128,6.0,5327,48,427.92,55.7
OnePlus,2020,6,128,6.5,4059,48,408.33,65.3
Xiaomi,2023,8,256,6.5,5604,12,781.33,66.7
Apple,2020,8,256,6.3,3897,108,123.65,65.1
Apple,2020,6,256,6.3,4563,12,919.82,84.2
Samsung,2022,4,128,6.6,4046,108,657.35,70.0
Huawei,2022,8,128,6.4,5766,12,886.52,95.7
Xiaomi,2023,12,256,6.1,3931,12,800.37,81.6
Apple,2022,12,128,6.2,5138,12,811.16,103.2
Xiaomi,2019,8,64,6.5,5437,64,383.16,78.2
Huawei,2023,8,256,5.7,5597,64,396.69,79.0
Samsung,2022,8,128,6.0,5978,12,538.76,64.8
Xiaomi,2023,8,64,6.5,4251,12,867.15,54.7
Xiaomi,2020,8,128,6.7,4225,48,1092.18,73.9
Xiaomi,2020,8,128,6.6,4373,48,732.47,100.3
Samsung,2023,12,128,6.6,4061,64,552.7,78.1
Google,2019,6,128,6.3,5780,12,528.74,65.7
Huawei,2019,12,64,6.0,3499,48,540.25,82.4
Xiaomi,2023,8,64,6.2,4722,64,910.03,101.5
OnePlus,2022,6,128,5.7,5918,200,535.35,86.8
Huawei,2021,4,256,6.7,5564,48,639.08,93.2
OnePlus,2019,6,128,6.1,5115,12,986.2,45.3
Samsung,2018,8,64,6.1,4763,12,558.13,62.6
Xiaomi,2020,12,64,6.6,5170,48,789.27,73.2
Xiaomi,2023,6,256,5.8,4708,48,875.11,92.0
Apple,2018,12,128,5.9,3335,64,815.86,94.9
OnePlus,2023,12,128,6.4,4176,64,1138.53,100.8
Huawei,2020,6,64,6.5,3778,48,1066.36,46.9
Huawei,2020,12,256,6.3,4185,48,715.77,101.7
Xiaomi,2019,16,128,6.3,4933,48,449.05,94.9
Samsung,2019,8,128,6.7,4466,12,510.86,61.1
Huawei,2018,8,64,6.5,5470,12,703.16,72.0
Google,2023,16,128,6.5,4561,48,377.49,71.6
Samsung,2020,8,256,6.5,3938,12,767.24,73.6
Huawei,2018,6,256,6.2,3803,12,1072.02,81.7
Google,2021,12,128,7.0,4935,12,665.62,106.1
Xiaomi,2018,8,256,5.6,3633,12,645.26,60.9
Xiaomi,2022,8,64,6.7,4253,12,863.3,68.0
Apple,2018,6,128,6.6,4082,48,931.21,58.5
Samsung,2022,8,128,6.4,5143,48,412.92,86.5
Apple,2022,4,128,6.3,4285,48,686.19,51.4
Google,2022,12,256,6.3,3353,48,1123.49,87.7
Samsung,2021,6,64,6.6,4159,108,781.36,56.6
Apple,2018,6,128,6.3,4885,12,548.39,75.7
Apple,2018,8,128,6.1,4818,48,752.04,92.3
Xiaomi,2021,4,128,6.6,3966,12,204.35,67.3
Huawei,2020,8,128,6.8,5970,48,185.62,78.3
Apple,2019,12,64,5.7,5520,108,1045.57,71.6
Apple,2018,12,256,7.0,5477,64,798.88,83.3
OnePlus,2019,6,128,6.0,5584,48,779.72,51.6
Xiaomi,2023,6,128,6.0,4169,48,939.47,85.6
Samsung,2023,12,512,5.9,4547,48,884.87,78.8
Xiaomi,2021,12,256,6.3,5134,12,833.28,81.9
Samsung,2023,8,64,5.9,3108,48,764.33,76.0
Samsung,2023,8,256,6.0,4368,48,1021.6,45.5
Xiaomi,2020,6,64,6.1,4757,48,1093.36,64.6
Apple,2020,12,64,6.3,3993,12,849.89,87.0
Huawei,2020,8,128,6.4,4517,64,689.41,72.6
Apple,2023,6,512,6.7,4356,12,980.04,107.7
Xiaomi,2021,6,64,6.7,3821,12,623.62,93.9
OnePlus,2022,12,128,6.6,3936,48,549.93,87.1
Samsung,2022,4,64,6.2,5696,12,962.08,59.7
OnePlus,2019,6,256,5.7,3190,64,550.27,67.6
Samsung,2022,8,128,5.7,4996,48,585.85,84.9
Huawei,2022,6,128,6.6,3932,64,874.59,76.1
Samsung,2020,4,128,6.6,3141,48,943.78,94.1
Apple,2020,12,256,6.1,4892,64,1383.37,86.0
Samsung,2023,12,512,5.9,5887,64,1104.92,86.7
Huawei,2019,12,128,6.0,5215,48,856.76,109.4
Xiaomi,2018,12,128,6.4,3565,48,892.84,68.6
Xiaomi,2019,8,256,6.4,4282,64,613.03,101.0
Samsung,2019,12,64,6.6,4462,12,840.55,96.5
OnePlus,2021,6,256,6.2,4134,48,802.41,123.5
Samsung,2023,8,256,6.2,3743,12,564.48,64.5
Google,2021,16,64,6.6,3672,12,637.76,109.4
Samsung,2019,6,128,5.7,5911,12,938.1,77.0
Samsung,2019,6,128,6.4,5886,48,695.37,72.2
Samsung,2019,8,128,6.2,3530,48,852.89,79.6
Xiaomi,2022,6,128,6.5,4313,12,874.2,76.9
Xiaomi,2021,4,128,6.5,3561,64,862.54,63.3
Samsung,2019,12,128,6.1,4533,48,1132.66,83.0
OnePlus,2020,16,128,6.1,5222,108,504.68,89.6
Xiaomi,2023,8,128,5.6,3301,108,1060.63,68.6
Xiaomi,2023,4,64,6.5,3184,64,768.57,83.1
Apple,2020,4,256,6.4,3509,108,1008.51,70.6
Apple,2023,12,64,6.7,5866,64,974.24,91.9
Xiaomi,2022,8,256,6.2,4333,64,811.59,80.1
Samsung,2022,6,128,6.6,4369,12,540.66,81.8
Samsung,2018,8,128,6.0,5203,48,899.32,54.8
Google,2018,6,256,5.5,5834,64,290.29,91.5
Huawei,2018,8,128,6.3,3794,48,1173.82,62.0
Apple,2023,12,128,6.1,5479,64,895.45,82.2
Apple,2022,8,64,6.0,4523,64,1089.99,65.3
OnePlus,2022,8,128,6.6,3760,12,820.45,76.1
Apple,2022,6,128,6.7,5194,64,809.15,73.3
Samsung,2020,8,64,6.3,5528,12,564.81,84.8
Samsung,2022,8,128,6.2,3434,48,517.42,75.7
OnePlus,2020,6,64,6.3,4542,48,844.84,69.1
OnePlus,2018,8,128,6.1,5038,12,831.75,48.0
Samsung,2018,6,64,6.5,4706,48,839.61,88.3
Samsung,2023,12,64,5.8,3068,48,670.56,92.8
Samsung,2018,8,64,6.0,4629,12,803.31,88.9
OnePlus,2023,16,512,6.1,4904,64,644.29,82.2
Samsung,2019,4,64,6.5,5922,48,529.79,80.4
Samsung,2019,8,128,6.2,5233,48,630.67,65.2
Google,2021,8,64,6.7,5951,12,591.67,63.8
Samsung,2023,8,256,6.5,5729,64,1066.05,70.7
OnePlus,2021,6,64,6.1,5251,64,308.74,88.8
Samsung,2021,8,512,6.5,3553,12,791.74,70.9
Samsung,2019,8,128,6.2,5060,12,858.09,74.2
Samsung,2023,6,64,6.4,5713,64,1196.38,78.6
OnePlus,2019,6,256,6.6,4297,48,498.14,75.4
Google,2021,8,128,6.6,5098,12,371.02,90.2
Google,2023,8,128,6.4,3499,48,830.75,63.8
Apple,2021,6,256,6.8,5416,48,841.21,76.5
OnePlus,2022,6,256,6.4,5771,64,594.8,82.1
Samsung,2023,6,128,6.3,5404,12,809.41,50.4
Apple,2023,8,128,6.2,5894,48,1015.46,79.0
Google,2021,8,256,6.1,4529,12,834.26,95.1
Samsung,2022,12,128,6.4,5303,108,775.43,79.7
Samsung,2020,16,256,6.3,4511,64,1029.2,68.7
Samsung,2019,8,128,6.4,3278,64,749.35,82.0
Samsung,2021,4,128,6.4,4082,48,710.78,77.7
Samsung,2023,4,256,6.4,3445,48,878.47,97.8
Xiaomi,2019,6,64,6.9,5160,108,334.87,81.6
Apple,2019,12,128,6.1,3835,12,953.94,70.8
Google,2019,8,128,6.4,3754,64,574.2,60.2
Google,2020,6,128,6.2,4845,12,317.5,87.9
Apple,2018,6,64,5.6,4592,48,906.3,80.4
Apple,2021,8,256,6.2,4512,48,685.43,74.1
Apple,2018,8,128,6.0,4430,64,396.38,77.6
Xiaomi,2018,6,128,6.3,5414,64,432.22,81.6
Apple,2018,16,256,6.3,4083,48,1222.41,90.6
Xiaomi,2019,8,128,6.4,5376,48,510.83,52.4
Apple,2022,6,64,6.1,5775,108,880.74,93.3
Xiaomi,2019,12,64,6.2,4590,12,378.97,104.3
Apple,2019,4,512,6.5,4908,64,1425.23,102.2
Apple,2023,12,64,6.1,5767,48,817.33,108.9
Huawei,2023,16,128,5.7,5231,48,478.99,106.3
OnePlus,2018,8,128,6.3,4022,12,871.27,70.7
Samsung,2019,8,128,6.6,5358,48,1212.55,79.5
Google,2018,6,64,6.5,4561,12,547.94,92.5
Xiaomi,2023,12,128,6.4,3176,12,473.99,58.0
Google,2022,8,128,6.7,3846,12,1223.79,71.7
Google,2021,8,512,6.6,4248,48,719.33,49.4
Apple,2018,12,64,6.2,4600,48,740.85,89.2
Samsung,2022,16,128,6.4,4604,64,163.9,104.0
Apple,2021,12,128,6.4,4975,12,791.58,85.3
Xiaomi,2020,6,128,6.3,5056,48,311.01,66.5
OnePlus,2018,16,128,6.6,3235,48,509.98,89.2
Apple,2018,8,128,6.3,3709,48,296.42,81.2
Samsung,2020,12,128,6.1,5971,64,1008.79,92.2
Google,2020,8,256,5.5,5732,48,283.35,56.8
Huawei,2018,6,128,6.1,3793,64,164.81,78.7
Xiaomi,2020,6,128,5.9,5855,48,422.95,77.8
Samsung,2019,8,64,6.3,4934,48,1011.83,89.2
Apple,2021,8,64,5.9,4669,48,688.75,73.9
Samsung,2021,6,64,6.5,3026,64,622.19,104.6
Huawei,2021,8,64,6.6,5597,108,769.61,76.2
Samsung,2019,6,128,6.3,4226,48,662.09,67.8
Xiaomi,2020,12,256,6.0,3084,64,959.49,70.0
Apple,2022,8,128,6.4,4855,12,740.09,67.3
Xiaomi,2020,4,128,6.9,5513,108,594.19,63.0
OnePlus,2018,6,64,6.8,4122,12,1216.05,72.7
Google,2023,4,128,5.9,4213,12,663.79,100.3
Samsung,2021,8,64,5.9,3011,12,757.64,53.1
Samsung,2020,6,256,5.8,4012,108,647.39,54.2
Samsung,2022,6,128,6.0,4748,64,100.0,71.5
Huawei,2018,12,512,6.4,4876,108,968.22,64.6
Google,2019,12,256,6.1,5619,64,1065.13,70.3
Xiaomi,2019,8,128,6.0,4317,48,963.93,80.1
Xiaomi,2022,16,128,6.6,4383,108,510.48,84.2
OnePlus,2018,4,64,6.5,4678,108,606.7,81.6
Samsung,2021,8,128,5.8,5961,48,787.3,83.9
Huawei,2020,8,256,6.6,3179,12,728.48,95.1
Apple,2018,8,64,6.5,3796,48,970.24,80.7
Apple,2019,6,256,6.5,4467,108,850.77,93.1
Xiaomi,2022,8,128,6.1,5024,64,559.67,76.6
Samsung,2022,8,256,6.2,5488,64,734.24,80.9
Samsung,2020,8,256,5.7,3886,108,949.7,80.7
OnePlus,2022,6,128,6.6,5468,64,1379.07,79.3
Samsung,2022,6,128,6.0,4189,64,575.26,78.1
Xiaomi,2018,6,128,6.0,4675,64,706.55,102.3
Samsung,2021,6,256,6.0,4519,12,609.18,85.5
Apple,2020,8,512,6.8,5515,48,976.89,68.3
Apple,2018,6,256,6.1,5760,48,1043.91,110.2
Apple,2021,12,128,6.6,5432,64,747.97,79.3
OnePlus,2018,6,128,6.3,5361,48,138.49,74.9
Apple,2023,6,256,6.1,3770,12,1057.14,62.5
Xiaomi,2018,8,128,6.0,4278,12,682.6,85.8
Xiaomi,2022,4,256,6.1,3958,48,564.49,100.4
OnePlus,2021,8,128,6.3,3916,48,508.68,52.6
Huawei,2020,8,64,6.5,5070,48,727.8,70.8
OnePlus,2020,6,128,6.2,4781,12,476.03,91.7
Samsung,2021,4,128,6.1,3338,48,555.25,59.1
Samsung,2022,6,64,6.0,4516,12,387.85,83.6
Apple,2019,4,64,5.9,5870,48,629.41,55.5
Xiaomi,2018,6,128,5.9,5413,48,807.72,81.1
Samsung,2022,6,64,6.6,4395,48,354.71,76.2
Xiaomi,2023,6,128,6.1,3914,48,938.02,124.8
Xiaomi,2021,8,256,6.2,4853,12,355.26,86.2
Apple,2018,8,512,6.1,3474,64,937.48,42.4
OnePlus,2020,8,256,6.2,4446,48,771.24,73.9
Samsung,2019,6,512,6.4,4379,12,1006.16,87.4
Samsung,2023,6,128,6.2,4483,12,906.22,68.8
OnePlus,2020,12,128,6.4,5074,48,628.99,78.2
Xiaomi,2021,8,128,6.7,5989,12,607.11,68.9
OnePlus,2018,12,256,6.1,5849,12,799.13,93.2
Apple,2021,6,128,6.2,3800,48,869.51,56.2
Samsung,2018,8,64,6.5,5907,48,613.54,66.6
Google,2022,8,256,6.7,4246,48,742.74,90.5
Google,2019,6,64,5.9,3863,64,608.22,67.7
OnePlus,2022,8,128,5.8,5737,12,499.87,66.8
Apple,2022,8,64,6.3,4171,108,705.41,54.4
Xiaomi,2021,6,128,6.3,3738,12,771.6,84.7
Apple,2019,6,128,6.5,4374,48,567.98,81.4
Samsung,2018,8,64,6.5,5462,12,976.58,89.6
Huawei,2018,12,128,6.3,3981,64,510.68,83.3
Samsung,2023,6,128,6.6,5476,48,135.03,79.7
Huawei,2020,6,256,6.1,5088,12,788.14,79.6
Apple,2023,6,256,6.4,5952,48,124.63,53.6
Samsung,2023,8,128,5.9,4011,12,447.02,110.3
Xiaomi,2018,6,256,6.3,5750,64,1255.61,89.7
Google,2021,16,128,5.9,5126,48,915.0,86.2
OnePlus,2022,6,128,6.0,3716,12,894.34,71.6
Google,2022,6,64,6.8,4807,48,370.3,94.9
OnePlus,2022,8,128,5.8,5591,12,603.34,76.4
OnePlus,2019,12,128,6.2,4473,48,960.36,98.7
Google,2018,8,64,6.5,5521,48,809.91,66.3
Samsung,2021,8,128,7.0,4165,48,983.96,61.9
Xiaomi,2019,16,256,6.4,5341,108,1095.38,82.6
Samsung,2020,4,128,6.4,3609,12,865.03,75.2
Huawei,2021,12,64,6.3,5183,200,342.33,91.4
Huawei,2023,6,128,6.6,5531,48,799.6,97.0
Samsung,2021,8,128,6.4,4812,12,641.12,91.7
OnePlus,2021,8,128,6.1,4335,48,327.29,94.8
Huawei,2022,6,128,6.6,5861,64,873.64,64.0
Samsung,2021,12,128,6.2,3554,48,1000.52,80.6
Xiaomi,2023,4,256,5.8,4655,12,626.53,89.5
Huawei,2023,6,128,5.8,4755,12,730.12,93.2
Samsung,2018,8,512,6.2,3045,64,281.83,86.1
OnePlus,2021,6,128,6.3,4259,48,930.94,66.6
Apple,2022,8,128,6.6,4071,48,998.32,59.4
Huawei,2021,4,128,6.5,5245,12,712.56,78.5
Huawei,2020,6,64,6.3,5131,64,336.89,61.6
Huawei,2020,6,64,6.6,3542,108,238.91,81.9
Xiaomi,2022,6,128,6.3,4451,12,1156.64,93.8
Google,2018,8,256,5.9,5118,12,400.11,77.8
Google,2018,8,256,5.8,5567,64,683.55,55.4
Apple,2023,12,128,6.7,4992,64,557.83,77.4
Google,2023,12,64,5.6,5945,48,100.0,98.0
Samsung,2019,6,128,6.2,3912,108,812.0,82.1
Xiaomi,2022,8,128,7.2,4068,48,800.97,83.3
Samsung,2021,6,256,6.4,5340,12,282.8,101.5
Samsung,2022,6,256,6.2,5985,64,977.07,80.2
Samsung,2019,8,256,5.8,3811,48,568.35,79.8
OnePlus,2023,4,128,6.8,4488,200,379.35,87.9
Apple,2022,6,128,6.7,4908,12,512.95,57.4
OnePlus,2022,12,128,6.5,4573,48,867.81,78.3
Samsung,2023,8,512,6.3,3866,64,319.07,63.9
Apple,2019,8,64,6.5,5427,48,489.46,84.8
Xiaomi,2023,4,64,6.3,4766,48,757.9,61.2
Google,2018,6,64,6.0,5309,64,724.67,83.5
Apple,2021,12,256,6.6,3579,48,544.5,81.7
Xiaomi,2023,6,128,6.3,5404,48,971.59,69.7
Google,2019,8,128,6.5,4442,64,371.73,88.7
Xiaomi,2020,4,512,6.3,3697,12,697.86,55.0
Samsung,2018,8,256,6.4,4976,200,614.77,67.7
Samsung,2020,4,128,6.3,5490,64,615.73,118.9
Google,2023,12,128,6.3,3725,48,601.17,112.8
Samsung,2018,12,256,6.3,3285,48,643.7,57.8
Google,2021,8,256,7.2,4891,108,590.62,67.4
Xiaomi,2023,6,128,6.5,3569,12,604.52,75.9
Huawei,2021,12,128,7.1,5887,48,921.34,63.8
Google,2022,8,128,6.3,4964,48,591.9,105.3
Huawei,2020,6,256,6.2,4513,12,822.99,75.4
Apple,2018,8,128,6.0,3497,48,837.18,72.2
OnePlus,2021,4,128,6.8,4917,200,741.56,80.7
Apple,2019,6,64,6.0,3704,64,994.48,80.5
Xiaomi,2021,8,256,6.8,4356,48,364.93,62.2
Xiaomi,2019,6,128,6.0,3561,48,806.85,94.7
Google,2023,8,64,6.6,4998,48,596.96,77.4
Huawei,2018,6,128,5.8,3031,12,409.75,94.6
OnePlus,2021,12,128,6.2,3042,64,843.95,76.4
Apple,2021,16,128,6.3,4916,64,693.65,58.1
Apple,2018,12,256,6.1,4374,64,894.37,106.6
OnePlus,2021,6,128,6.2,4845,48,100.0,86.1
Samsung,2019,6,256,6.3,3558,48,881.52,92.5
Samsung,2021,8,64,6.5,5317,12,1347.52,93.4
Apple,2020,4,64,5.7,4436,48,798.08,75.3
Apple,2023,4,64,6.1,3942,48,734.11,69.5
Apple,2022,8,128,6.7,4598,108,684.68,73.6
Samsung,2019,8,128,6.5,4370,64,838.9,83.3
Samsung,2020,16,256,6.7,4928,108,623.97,89.2
Samsung,2023,6,256,6.5,4636,64,861.89,47.6
Huawei,2018,6,128,6.0,5084,12,1080.61,73.2
Apple,2019,6,512,6.5,3091,48,1110.26,96.2
Apple,2022,12,128,6.3,4843,12,756.33,85.0
OnePlus,2023,8,256,7.0,3184,12,371.13,108.4
Samsung,2022,12,128,6.5,3727,48,597.95,70.6
Huawei,2018,12,128,6.5,4051,64,609.83,90.2
Google,2018,8,256,6.5,4571,48,320.35,60.2
Samsung,2019,8,128,6.4,5419,12,971.73,62.2
Apple,2021,6,64,6.4,3831,12,942.27,62.3
Google,2018,8,128,6.2,3344,12,387.85,108.1
Huawei,2023,8,128,6.5,4442,12,205.2,71.2
Xiaomi,2021,8,256,6.6,4219,12,829.46,64.5
Xiaomi,2020,12,128,6.6,5125,48,239.16,85.0
Samsung,2022,16,256,6.6,3166,64,720.98,81.7
Huawei,2021,8,128,6.8,3263,48,547.62,87.2
Samsung,2022,8,128,6.6,4495,48,899.99,44.4
Huawei,2021,8,256,6.5,4231,12,852.89,60.7
OnePlus,2020,6,128,6.0,5771,108,444.68,87.7
Xiaomi,2018,4,512,6.0,4286,48,971.99,67.7
Xiaomi,2020,8,128,6.2,4529,64,577.63,63.7
Samsung,2018,8,128,6.3,4808,108,704.74,63.0
Samsung,2018,4,64,6.7,5559,64,709.86,85.9
Samsung,2022,12,128,5.5,4877,12,1262.04,95.2
Samsung,2023,4,128,6.0,4749,48,670.15,89.4
OnePlus,2020,6,256,6.2,4909,12,232.02,57.6
Apple,2021,8,128,6.0,5623,12,621.32,56.7
Samsung,2020,6,128,6.1,5769,12,884.51,92.1
Huawei,2022,4,64,6.2,4335,108,578.98,78.1
Google,2018,6,64,6.0,4197,108,653.74,65.9
Huawei,2022,8,128,6.1,5478,12,542.01,72.6
Huawei,2019,8,256,6.7,3767,48,100.0,56.5
Samsung,2019,8,256,6.5,5510,108,505.5,67.1
Apple,2021,8,256,6.5,3100,48,780.68,77.4
OnePlus,2022,4,256,6.3,4732,48,207.63,80.3
OnePlus,2021,16,128,6.6,4919,48,355.29,83.7
Samsung,2021,4,256,6.6,5291,64,615.0,72.2
Google,2019,16,64,6.5,4371,48,567.17,96.0
Samsung,2021,8,128,6.1,3104,64,798.61,73.5
Samsung,2019,16,128,6.2,3693,48,630.79,78.3
Xiaomi,2018,6,64,6.6,4690,12,739.41,63.6
Xiaomi,2022,8,256,6.1,4310,48,474.99,48.5
Xiaomi,2021,6,128,5.9,4070,12,702.89,84.7
Samsung,2019,4,256,6.1,4066,48,1067.78,97.0
Google,2020,8,128,6.8,3817,12,722.24,62.6
Apple,2021,6,64,6.1,5268,64,741.25,55.9
Samsung,2023,8,256,6.4,4536,48,464.32,65.7
Google,2018,6,128,6.1,5191,64,671.74,79.4
Huawei,2018,6,128,6.5,3889,108,595.5,67.4
Google,2020,8,64,6.5,4877,64,790.5,67.2
Google,2019,8,128,5.9,4873,108,194.52,73.8
OnePlus,2021,8,128,6.4,3789,48,602.97,76.5
Xiaomi,2019,8,128,5.8,3552,12,754.82,80.5
Samsung,2018,12,512,6.1,3843,108,832.35,80.6
Apple,2019,6,256,6.3,3658,64,716.87,70.3
Apple,2018,8,256,6.9,5884,64,713.41,46.2
Apple,2019,16,256,6.4,4018,48,525.29,99.0
OnePlus,2020,8,128,6.1,4953,48,744.72,78.8
Xiaomi,2022,8,128,6.2,4190,12,756.22,97.7
Samsung,2020,8,64,6.6,3750,64,346.72,82.7
Samsung,2020,8,64,6.1,5296,12,891.16,73.9
OnePlus,2022,8,512,6.6,3774,12,586.35,52.7
Samsung,2022,4,128,6.1,5811,48,606.0,50.5
Google,2021,6,128,6.0,4380,48,1113.47,90.7
Xiaomi,2021,12,128,6.2,3691,12,1050.48,93.4
Xiaomi,2020,6,128,5.8,5867,64,288.35,97.0
Xiaomi,2020,8,64,5.6,3718,64,330.25,89.0
Google,2018,6,64,6.3,3233,48,387.25,69.4
Apple,2018,8,64,6.3,5071,48,1196.56,40.5
OnePlus,2021,4,128,6.4,4404,108,498.2,84.1
Xiaomi,2023,6,128,6.3,4005,12,281.46,59.8
Apple,2023,16,64,7.0,4369,64,1108.11,82.2
Google,2021,12,256,6.4,4401,12,798.49,91.2
Google,2018,8,128,5.9,5569,48,1212.73,65.5
OnePlus,2018,8,128,6.0,5064,48,797.98,62.6
Google,2023,8,512,6.3,5292,64,742.03,70.4
Google,2019,8,128,6.2,5765,12,713.18,44.3
OnePlus,2019,8,256,5.9,5817,12,536.75,59.5
Google,2018,4,256,6.3,3716,48,976.37,59.3
OnePlus,2019,8,128,6.3,4562,48,989.57,71.5
OnePlus,2022,8,256,6.8,4711,48,254.27,60.8
Xiaomi,2021,16,256,6.0,4225,48,885.63,77.3
OnePlus,2021,4,128,6.2,4271,48,382.23,68.3
Samsung,2018,8,128,6.8,5165,12,1303.43,106.9
Google,2020,8,256,6.4,3008,12,1029.26,86.5
Google,2023,8,256,6.0,3597,48,365.49,73.2
Samsung,2018,6,128,6.1,3022,48,759.75,81.7
Google,2019,8,128,5.9,4990,12,898.27,88.8
Samsung,2023,6,256,6.3,5287,12,544.08,79.3
Apple,2020,6,128,6.6,4608,48,458.41,59.5
OnePlus,2019,8,128,6.8,5074,12,675.45,72.9
Samsung,2022,8,256,5.9,4104,48,660.16,60.4
Google,2019,8,128,6.6,5246,48,421.43,70.1
Google,2022,12,128,6.3,5822,12,959.02,82.6
Xiaomi,2023,6,256,6.2,3091,12,327.76,90.8
Samsung,2022,6,256,6.2,3850,64,673.03,63.1
Apple,2023,8,128,5.7,4982,64,845.46,61.9
Xiaomi,2023,6,128,6.5,4107,48,727.24,64.2
Huawei,2023,6,128,5.9,3299,48,932.67,65.9
OnePlus,2023,6,512,6.1,5343,64,689.99,70.2
Apple,2023,4,64,6.4,5694,108,149.14,79.9
OnePlus,2019,12,128,5.8,4477,48,553.31,73.2
Xiaomi,2023,6,128,5.9,4304,12,831.42,76.7
OnePlus,2019,8,256,6.7,4000,48,613.96,76.9
Samsung,2023,4,64,6.3,4082,48,665.81,83.3
OnePlus,2022,8,128,6.1,5956,48,781.55,71.8
Xiaomi,2023,6,64,6.3,5918,48,814.51,87.5
Huawei,2020,8,256,6.5,4365,64,203.4,80.5
Apple,2023,8,128,6.6,5800,48,795.33,79.9
OnePlus,2023,6,128,6.0,5389,12,601.2,66.7
Huawei,2022,8,128,6.0,5109,12,668.78,79.1
Samsung,2021,6,256,6.5,3775,48,207.56,80.3
Huawei,2022,8,128,6.5,5672,12,980.77,66.0
OnePlus,2020,6,64,5.9,4452,48,651.68,92.9
Samsung,2021,12,128,6.0,4681,48,806.25,124.4
Apple,2018,4,512,6.2,4751,48,1341.5,65.1
OnePlus,2018,8,128,6.3,5303,108,758.66,67.9
Samsung,2020,6,512,6.3,5875,48,415.02,68.3
Xiaomi,2022,6,256,5.9,4851,12,628.39,55.4
Apple,2019,8,64,6.3,4897,12,968.72,61.9
Xiaomi,2020,12,128,6.1,4729,48,664.16,97.9
Samsung,2021,6,128,6.0,4327,12,1126.71,73.8
Google,2021,4,128,6.3,3614,48,436.01,103.8
Huawei,2023,6,128,6.3,3244,12,961.28,70.7
Huawei,2018,6,128,6.5,3756,48,859.77,81.2
OnePlus,2021,6,256,6.0,3823,64,672.19,61.4
Samsung,2020,8,128,6.4,5827,12,782.83,73.3
OnePlus,2021,4,256,5.8,5779,48,405.58,76.3
Samsung,2020,4,64,6.2,4846,48,623.19,43.4
Samsung,2019,8,64,6.4,4435,64,844.28,62.6
Apple,2023,6,256,6.5,5925,48,762.72,84.5
Xiaomi,2018,6,128,6.5,4240,48,665.06,83.7
OnePlus,2021,6,256,6.5,3515,64,898.11,56.3
OnePlus,2020,8,128,6.2,3473,48,173.19,69.6
Apple,2022,6,128,6.4,3035,48,892.35,39.5
Apple,2018,8,256,6.9,4410,12,1244.13,74.9
Huawei,2019,6,128,6.2,4792,64,555.78,93.9
Apple,2020,8,128,6.7,4734,64,488.93,94.6
Xiaomi,2023,6,512,6.6,3829,108,652.73,94.0
Samsung,2023,8,128,6.2,4092,108,320.73,82.9
Google,2019,12,256,6.2,5413,64,706.42,102.4
OnePlus,2019,8,256,6.3,4185,48,631.58,72.2
Samsung,2023,6,256,6.5,4762,64,779.68,67.2
Samsung,2021,6,64,6.4,3944,48,667.19,92.1
OnePlus,2021,6,128,6.2,4511,48,698.97,79.3
OnePlus,2020,6,256,5.7,3430,48,762.62,48.1
Apple,2022,6,128,6.5,5022,48,500.59,93.2
Huawei,2020,8,64,5.7,3858,64,736.52,71.7
Samsung,2022,6,128,5.9,3229,48,1062.05,65.0
Apple,2019,8,128,6.2,5417,12,559.57,89.7
Huawei,2018,8,256,5.9,3177,12,727.08,87.7
Apple,2020,8,256,6.4,4433,64,1123.67,60.6
OnePlus,2020,4,128,6.2,5615,48,361.24,72.6
Apple,2022,12,64,6.5,4613,48,999.46,71.4
Apple,2019,6,256,5.8,5840,48,744.49,61.8
Huawei,2019,8,128,6.1,4763,48,902.83,30.1
Apple,2022,8,512,6.3,5947,12,693.89,59.8
Google,2019,8,128,6.3,4774,48,647.74,72.4
Samsung,2023,8,128,6.5,3974,64,320.38,32.5
Samsung,2021,4,128,6.0,3081,48,809.32,54.4
Samsung,2023,6,512,6.2,3845,48,912.18,84.1
OnePlus,2018,8,128,6.5,5809,12,785.2,53.8
Apple,2020,6,128,5.6,4216,48,922.9,72.6
Google,2018,12,128,6.4,3617,12,627.23,60.2
Xiaomi,2020,6,256,6.5,5263,48,280.59,81.1
Huawei,2021,6,256,5.9,5337,48,898.02,70.1
Samsung,2019,6,128,6.2,3444,64,690.39,61.2
Google,2023,6,128,6.7,3922,48,748.37,35.3
OnePlus,2022,8,128,6.5,5599,48,603.7,61.6
OnePlus,2023,8,128,6.4,3192,48,1139.69,85.0
Google,2021,8,64,6.6,4662,48,508.09,98.3
OnePlus,2018,12,128,6.8,3288,12,498.47,81.7
Xiaomi,2022,12,128,6.3,5630,48,259.59,83.5
Samsung,2019,12,64,6.2,4167,108,728.23,74.8
Samsung,2021,4,128,6.6,4430,12,1164.6,93.4
Huawei,2022,8,256,6.2,4834,48,681.26,71.4
Xiaomi,2021,6,128,6.0,5904,64,706.78,88.4
Google,2021,6,128,6.1,4970,48,893.3,78.7
Xiaomi,2019,8,128,6.4,5828,64,690.52,76.8
Samsung,2020,6,128,6.2,3895,48,999.82,59.7
Samsung,2022,4,64,6.2,3919,48,1036.94,101.7
OnePlus,2019,6,256,6.0,5611,48,501.75,97.0
Apple,2021,4,64,6.7,5034,64,442.39,109.1
Samsung,2019,12,128,6.2,4552,108,872.4,68.5
Xiaomi,2020,4,128,6.1,4700,12,730.66,79.0
Samsung,2023,6,256,6.1,5060,48,438.53,63.1
Xiaomi,2022,8,128,6.5,4725,12,480.49,81.7
Apple,2020,6,128,6.5,5387,12,629.71,79.4
Google,2018,12,64,6.1,5912,48,686.86,78.8
Apple,2022,4,128,6.3,4897,48,1049.35,71.6
Xiaomi,2020,8,512,6.4,4799,12,1013.34,106.4
Samsung,2021,8,256,6.1,3311,12,897.71,73.0
Samsung,2022,12,64,5.8,5780,48,626.98,52.0
Apple,2022,8,128,6.5,4127,200,1355.03,67.0
Xiaomi,2019,12,256,6.1,3338,64,658.31,68.6
Xiaomi,2021,4,128,6.4,5347,12,552.8,61.2
Apple,2018,6,128,6.4,3358,64,458.48,85.6
OnePlus,2023,6,256,6.3,5216,48,563.12,88.4
Google,2020,12,256,6.2,4172,64,759.69,72.4
OnePlus,2019,6,128,6.1,5808,48,253.44,66.7
Samsung,2020,6,128,6.0,3767,48,461.47,64.5
Xiaomi,2018,6,128,6.1,5089,64,533.16,97.8
Samsung,2018,4,256,6.5,3201,12,506.15,88.8
Samsung,2022,6,128,6.7,4692,108,485.53,85.2
Huawei,2018,16,128,6.7,3463,64,931.15,69.5
Samsung,2020,8,128,6.3,3448,200,287.33,49.4
Xiaomi,2021,8,64,6.7,3912,48,693.84,93.5
Xiaomi,2021,8,128,6.2,3797,12,779.77,103.8
OnePlus,2022,6,128,5.9,3793,48,528.98,48.7
Xiaomi,2023,6,128,6.9,3436,108,593.26,108.6
Samsung,2020,6,128,6.5,4916,48,689.86,73.4
Apple,2020,6,256,5.8,4773,48,958.58,77.5
Xiaomi,2018,8,64,6.8,3530,48,1032.67,55.2
Samsung,2020,6,256,6.1,3564,48,378.88,48.4
Apple,2019,4,256,6.1,4620,12,570.94,41.0
Samsung,2023,8,128,6.6,4296,48,483.52,90.5
Samsung,2018,12,128,6.7,5919,64,696.86,83.8
Apple,2019,12,256,6.0,3212,12,700.05,91.9
Samsung,2022,12,128,6.7,3948,64,866.61,102.0
Xiaomi,2021,8,128,6.6,4127,48,485.88,73.6
OnePlus,2022,6,128,6.1,3191,48,427.94,100.3
Google,2021,8,128,6.2,4403,48,459.22,62.6
Samsung,2022,6,256,6.8,4990,12,728.92,68.7
Samsung,2020,8,256,5.8,4104,48,940.98,61.5
Samsung,2019,8,256,6.7,3704,64,688.89,87.5
OnePlus,2021,4,64,6.6,3548,48,510.46,91.7
OnePlus,2018,8,64,6.5,4861,48,392.24,68.2
Samsung,2019,12,128,6.3,3153,12,1065.41,64.1
Huawei,2018,6,64,6.9,4665,64,209.76,93.5
Samsung,2019,12,128,6.9,3570,48,653.48,71.8
Xiaomi,2019,4,128,6.1,4784,48,834.93,69.0
OnePlus,2022,8,128,6.5,5287,12,600.04,58.9
Google,2021,8,128,6.9,5421,200,508.42,79.3
OnePlus,2021,8,128,6.1,3804,48,783.91,63.5
Google,2019,12,128,6.4,3798,48,376.55,95.5
Apple,2020,12,128,6.6,3610,48,364.8,76.6
Google,2020,8,128,5.7,5735,64,1845.73,83.1
Samsung,2018,6,128,6.5,5821,12,451.2,61.1
Google,2018,12,256,6.0,4806,64,682.93,103.4
Xiaomi,2022,4,256,6.4,3142,48,619.18,67.5
Google,2019,12,512,6.6,3271,48,815.26,86.4
Xiaomi,2018,6,128,5.6,4555,48,593.23,57.2
OnePlus,2018,4,64,6.5,5473,64,787.88,74.8
Xiaomi,2023,8,128,6.9,5093,48,474.11,57.7
OnePlus,2019,6,256,6.1,5142,64,845.31,74.3
Samsung,2022,6,128,6.5,5111,12,395.59,60.6
Samsung,2018,6,256,6.7,5460,108,993.16,72.7
Samsung,2022,4,128,5.8,3458,12,1212.91,82.0
Samsung,2021,6,256,6.5,4738,48,727.03,54.4
Google,2022,4,256,6.6,4432,48,1042.29,74.3
Samsung,2020,8,64,6.5,5517,48,1157.1,81.1
Huawei,2020,4,128,6.3,5857,48,569.77,81.1
Apple,2022,8,128,6.0,3505,48,811.97,103.8
Samsung,2020,6,128,6.7,4709,12,496.47,63.8
Google,2021,12,128,6.3,4096,48,462.6,85.0
OnePlus,2019,12,128,6.0,3083,12,708.22,111.2
Xiaomi,2020,6,128,6.2,3058,48,241.04,54.4
Xiaomi,2020,8,128,6.4,4044,12,858.7,40.5
OnePlus,2022,12,128,5.8,4481,12,691.82,93.0
Samsung,2021,16,64,6.3,5965,12,870.33,100.6
Huawei,2019,8,128,6.2,5204,48,604.49,43.3
Huawei,2022,4,128,6.7,4352,64,818.13,70.2
OnePlus,2022,8,256,5.7,4596,108,711.91,59.7
Samsung,2023,8,64,6.6,3575,12,826.81,79.6
OnePlus,2021,8,256,6.7,5884,48,875.43,74.5
Samsung,2019,6,128,5.7,3679,48,383.76,94.6
Samsung,2021,12,64,5.8,3202,48,524.23,64.8
Apple,2019,16,128,6.8,4129,48,1378.71,90.8
Xiaomi,2021,6,128,6.0,3317,12,701.82,84.3
Google,2022,4,128,7.2,4205,48,220.8,75.8
OnePlus,2022,6,128,5.8,4638,48,222.19,44.9
OnePlus,2018,12,128,6.4,4796,12,631.25,91.2
Apple,2020,8,64,6.3,3405,48,669.24,64.0
Apple,2023,8,64,6.2,5996,48,598.41,48.9
Apple,2021,8,256,6.4,5542,12,1248.29,80.5
Huawei,2023,8,128,6.5,3678,48,557.72,86.5
Samsung,2018,6,128,6.2,4270,64,905.24,65.8
Google,2020,8,256,6.0,4889,64,712.53,87.5
Xiaomi,2021,8,128,6.6,4547,48,576.28,87.7
Apple,2019,16,256,6.5,4643,48,514.57,84.7
OnePlus,2020,12,128,6.3,4359,48,842.31,93.9
Xiaomi,2022,12,64,6.5,4445,48,100.0,99.6
Google,2018,8,256,6.5,3834,12,867.67,82.9
Huawei,2020,8,128,6.1,5241,48,687.82,40.7
Apple,2020,8,256,6.5,5355,48,954.64,37.2
Apple,2022,12,128,6.1,4668,48,801.94,101.0
Xiaomi,2021,6,128,6.5,4930,108,341.41,64.7
Huawei,2019,6,256,6.2,5553,64,750.39,67.6
Samsung,2022,6,64,6.5,3280,12,912.22,103.3
Xiaomi,2019,8,256,6.2,5722,12,530.21,64.0
OnePlus,2021,6,128,6.5,4813,12,814.35,72.9
OnePlus,2020,6,128,6.0,3932,64,724.14,75.2
Samsung,2019,4,128,6.3,5762,64,812.64,71.8
OnePlus,2018,6,256,6.6,3607,200,435.12,95.2
Huawei,2018,12,64,6.4,3482,48,970.54,79.4
Samsung,2022,6,128,6.4,4246,64,774.01,85.8
Samsung,2021,8,256,6.8,4772,48,907.93,76.1
Huawei,2022,8,256,6.6,5164,64,552.96,89.5
Samsung,2022,12,64,6.6,3191,64,945.57,64.4
Google,2023,6,128,6.5,5835,48,544.51,41.2
Xiaomi,2022,16,128,6.5,5665,48,427.06,85.4
Samsung,2023,8,128,6.8,5017,64,1142.96,62.3
Google,2018,16,128,6.2,5563,48,100.0,107.0
Apple,2018,12,128,6.6,3306,12,1547.47,83.8
Xiaomi,2022,6,128,6.4,3531,12,825.44,78.3
Apple,2018,4,256,6.2,3121,48,721.3,70.4
Xiaomi,2021,6,256,6.3,5696,48,731.52,65.2
Samsung,2023,8,128,6.4,3591,12,875.58,75.9
Apple,2023,6,128,6.0,5917,12,716.89,90.2
Huawei,2022,6,128,6.6,4475,48,1158.81,70.3
Apple,2018,8,128,6.3,3058,48,1168.89,69.3
OnePlus,2019,4,256,6.3,5348,12,1331.71,87.1
Apple,2023,6,128,6.7,5600,12,494.64,49.7
OnePlus,2022,8,128,6.3,4573,12,703.83,92.8
Samsung,2022,4,128,6.8,4140,12,353.25,62.9
Huawei,2021,6,128,6.1,4810,64,377.13,89.2
Xiaomi,2020,8,64,6.0,4805,12,568.43,79.4
Samsung,2020,8,64,6.2,3398,64,622.96,43.7
Samsung,2023,12,128,5.5,5562,48,792.48,85.2
Samsung,2021,8,128,6.6,5852,108,672.34,94.7
Xiaomi,2021,8,256,6.0,5545,12,849.99,70.4
Apple,2021,8,256,6.1,3941,12,879.73,71.8
Google,2023,12,128,6.5,3527,12,1061.88,73.5
Apple,2020,12,128,6.3,5445,12,1007.2,102.9
Samsung,2021,12,128,6.2,4774,48,405.26,78.1
Xiaomi,2018,8,128,5.7,4421,12,613.63,101.9
OnePlus,2022,6,128,6.7,4669,12,630.5,92.3
Samsung,2022,6,128,6.5,4550,64,809.98,95.0
Samsung,2019,4,128,6.9,3435,48,968.82,76.2
Samsung,2019,12,64,6.1,3839,12,770.65,77.7
OnePlus,2023,8,64,5.9,3359,12,794.54,82.2
OnePlus,2023,8,64,6.6,4152,12,366.44,98.3
Xiaomi,2022,6,256,6.2,3863,108,535.2,101.6
Google,2018,12,128,6.5,5681,64,171.97,57.1
Google,2020,6,128,6.8,4650,64,760.49,115.6
Xiaomi,2020,4,128,6.4,4732,108,860.37,78.8
Google,2023,6,256,6.4,4245,48,320.25,86.7
Samsung,2018,8,256,6.4,5261,12,739.61,61.6
Samsung,2023,8,256,5.8,3915,48,674.43,60.5
Apple,2020,12,64,6.6,5639,64,1222.11,63.4
Samsung,2023,6,128,6.7,4798,64,476.41,100.6
Xiaomi,2021,8,256,6.5,5182,48,879.54,64.7
Huawei,2023,8,64,5.8,5801,48,935.77,73.6
Samsung,2022,6,128,6.3,3385,108,651.26,70.5
Samsung,2023,12,256,6.7,4326,12,773.12,69.7
Xiaomi,2022,8,128,6.1,4805,64,919.36,72.0
Huawei,2018,8,64,6.7,4585,12,375.12,76.3
Apple,2020,12,64,6.3,4212,48,693.21,103.7
Xiaomi,2019,8,128,6.5,4549,12,696.56,59.1
Samsung,2019,6,64,6.2,3388,48,1216.01,66.2
Samsung,2020,8,128,6.3,5791,48,600.06,83.3
Huawei,2019,6,256,6.4,3703,48,582.84,75.7
Huawei,2023,6,64,6.0,5972,64,1036.77,76.0
Samsung,2018,4,256,6.4,4738,48,865.74,60.4
Huawei,2018,8,128,5.5,5820,64,1195.64,86.7
OnePlus,2020,8,64,6.1,3863,12,923.31,96.2
Google,2019,6,256,6.5,4059,64,613.5,94.8
Xiaomi,2023,8,256,6.6,3078,12,577.94,72.1
Xiaomi,2018,12,128,6.4,4298,12,443.85,46.3
Xiaomi,2018,6,256,5.9,4301,12,323.74,78.5
OnePlus,2021,6,256,6.6,3673,48,735.2,76.5
Samsung,2021,8,256,6.0,5359,64,856.74,59.7
Samsung,2018,6,128,6.5,3203,12,886.85,62.7
Apple,2020,8,256,6.0,3984,48,769.13,60.1
OnePlus,2022,4,512,6.1,4975,64,1232.53,79.1
Samsung,2022,8,256,6.0,3016,48,360.39,62.7
OnePlus,2023,8,64,6.3,3475,64,282.08,77.5
Huawei,2018,8,128,6.2,4016,12,445.09,110.6
Samsung,2018,12,128,6.5,3209,64,701.49,82.2
OnePlus,2018,12,64,6.3,3498,12,375.72,67.6
Apple,2020,8,512,5.8,3428,200,1236.73,53.2
Google,2021,8,64,6.4,4329,48,465.26,80.0
Samsung,2018,4,64,5.8,5105,48,470.62,105.0
OnePlus,2018,8,256,6.0,4553,12,913.77,61.5
Google,2019,4,128,6.2,4231,12,701.86,42.7
Huawei,2020,12,64,6.2,4534,12,846.18,110.6
OnePlus,2023,6,128,5.8,4867,48,638.1,112.7
Xiaomi,2018,8,128,6.7,5569,12,717.94,86.4
Xiaomi,2019,6,64,6.8,5628,64,291.61,81.5
Google,2022,8,512,7.0,4876,12,713.04,76.0
Xiaomi,2023,12,128,6.6,3898,64,387.99,95.2
Samsung,2018,6,128,6.2,4106,12,1188.6,84.5
Huawei,2018,12,128,6.2,5668,12,973.21,89.2
OnePlus,2019,6,128,6.2,4067,64,486.52,60.7
OnePlus,2020,8,128,6.9,4506,64,598.11,79.2
Samsung,2018,12,128,6.3,5957,48,659.9,83.5
OnePlus,2022,6,128,6.7,4667,12,1188.49,63.0
Apple,2018,16,256,6.7,3492,48,899.1,89.1
OnePlus,2022,6,64,6.4,5546,48,543.03,67.7
Samsung,2023,4,128,5.9,3604,48,736.67,76.0
OnePlus,2023,12,256,6.3,3947,48,265.75,91.8
Huawei,2021,4,64,6.3,3293,48,631.58,84.0
Samsung,2021,16,64,6.7,4171,12,429.78,78.1
Huawei,2022,16,128,6.3,5018,108,188.08,91.8
Apple,2020,6,128,5.9,3171,64,1296.64,85.2
Google,2018,8,64,6.6,4586,12,643.25,89.6
Google,2018,6,128,6.2,3530,48,457.1,79.6
Xiaomi,2021,8,128,5.5,4143,12,225.71,84.1
OnePlus,2022,4,128,6.4,4859,64,594.72,68.7
Google,2018,6,128,6.5,4760,48,612.71,113.7
Apple,2018,6,128,6.0,5113,12,991.26,74.0
Apple,2020,8,256,6.2,5188,12,561.54,91.8
OnePlus,2019,16,256,6.5,5493,12,516.56,77.7
Google,2021,12,256,6.4,3188,48,418.85,90.6
OnePlus,2021,8,128,5.8,3157,64,595.49,80.1
Google,2019,8,128,6.7,5717,12,151.75,82.9
Apple,2018,12,128,6.8,4970,12,598.95,72.3
Google,2020,6,64,6.1,3245,48,807.43,80.8
Samsung,2020,8,64,5.7,5903,12,393.64,67.8
Xiaomi,2021,16,128,6.5,5991,48,899.88,97.3
Samsung,2020,6,128,6.1,5795,48,918.34,61.8
Apple,2023,8,128,6.5,5377,48,1039.26,79.6
Apple,2019,12,512,7.0,5559,108,898.87,84.6
Apple,2018,12,64,5.8,3849,108,776.4,112.8
OnePlus,2023,8,64,6.1,4810,48,729.9,91.8
Apple,2019,6,64,6.2,4094,64,1130.07,95.6
Apple,2022,6,128,6.7,4336,108,1107.32,63.4
Samsung,2021,4,128,7.4,5126,12,284.44,69.2
Apple,2020,8,128,6.4,3168,12,581.42,74.9
Samsung,2022,4,128,5.8,5857,12,436.52,92.2
Samsung,2020,12,256,6.2,5227,48,881.69,90.6
Xiaomi,2023,6,256,6.1,4651,64,480.18,63.8
OnePlus,2018,6,512,6.5,5307,48,699.15,64.4
Xiaomi,2018,8,256,6.4,4509,48,1076.99,92.9
Xiaomi,2018,8,128,6.0,4795,48,930.22,81.1
Apple,2020,6,64,6.0,5344,12,1144.05,75.8
Google,2022,8,64,6.2,3619,48,470.76,74.5
Xiaomi,2018,8,64,6.2,5902,12,100.0,88.4
Xiaomi,2022,6,128,6.3,5407,12,551.12,59.2
Samsung,2020,6,256,6.3,5164,64,340.01,75.8
Apple,2023,12,128,6.7,3356,64,313.99,86.7
Apple,2022,8,64,6.2,5486,64,1082.17,56.3
Apple,2023,4,128,6.1,4677,64,577.04,71.9
Xiaomi,2020,12,256,5.9,4211,64,448.36,119.3
Xiaomi,2020,16,128,6.2,4304,48,558.56,72.5
Xiaomi,2021,8,256,6.4,4534,48,1061.62,76.9
OnePlus,2020,8,256,5.8,4489,48,609.6,43.8
Google,2020,12,256,6.2,4963,48,887.9,82.9
OnePlus,2019,16,256,6.6,4361,48,571.16,68.9
Huawei,2018,8,256,6.5,5569,64,254.88,69.7
Samsung,2021,8,128,6.4,3198,12,402.54,81.4
Samsung,2021,8,64,6.5,4787,48,699.05,58.1
Samsung,2021,8,128,6.1,4073,48,726.91,78.6
OnePlus,2019,6,64,6.1,4165,12,785.68,63.3
Google,2023,8,512,6.7,4806,108,885.78,55.0
Samsung,2020,12,128,6.5,4537,12,2312.6,99.7
Huawei,2018,8,256,6.1,5717,48,457.71,60.6
Samsung,2022,8,128,5.7,3030,12,1156.8,68.6
Huawei,2023,8,128,6.1,5380,64,1129.69,66.4
Apple,2020,6,256,6.5,3659,48,669.87,78.3
Samsung,2019,8,128,6.1,5224,48,501.52,75.5
Xiaomi,2020,8,128,6.4,5417,64,203.8,72.5
Apple,2020,6,64,6.7,3546,48,842.72,64.4
Apple,2019,6,128,6.3,5582,12,913.11,71.0
Apple,2021,16,128,6.4,4129,12,655.17,89.4
Google,2021,6,128,6.5,5144,64,720.69,76.8
Xiaomi,2018,6,128,6.0,5277,48,303.05,91.8
Apple,2018,16,256,6.1,5274,12,1041.92,96.4
Xiaomi,2021,8,256,6.5,3370,12,517.26,91.6
OnePlus,2023,8,128,6.3,4123,12,722.19,95.3
Apple,2022,12,128,6.3,4468,48,852.54,87.8
Apple,2020,6,256,6.3,4491,12,309.89,87.8
Samsung,2022,8,128,6.6,5102,12,908.51,80.0
Samsung,2020,8,128,6.4,5471,48,503.89,94.9
OnePlus,2021,12,128,6.4,5362,48,700.63,58.7
Samsung,2018,8,256,6.7,4151,48,347.53,70.3
Xiaomi,2023,8,128,6.8,5079,48,530.16,81.2
OnePlus,2018,8,128,7.0,3092,48,740.81,83.5
Samsung,2022,8,128,6.1,5566,48,430.17,74.7
Xiaomi,2018,8,128,7.0,4281,108,393.87,50.1
Apple,2021,8,64,6.0,5900,12,831.27,72.3
Huawei,2023,8,128,6.9,4925,48,608.12,87.2
Xiaomi,2022,8,256,6.1,4243,48,737.33,70.3
Google,2023,8,512,6.3,5799,12,658.05,76.4
Xiaomi,2020,8,128,6.3,4571,64,810.37,103.7
Samsung,2018,12,128,6.0,3415,12,558.26,82.2
OnePlus,2023,8,128,6.3,5604,48,799.27,72.6
Huawei,2019,12,256,6.1,5413,48,423.3,87.9
Xiaomi,2018,12,256,5.9,4544,12,497.25,88.6
Google,2020,8,128,6.3,5646,48,832.67,77.0
Google,2023,8,128,6.8,5378,48,521.4,80.9
Samsung,2022,12,256,6.2,3688,64,407.19,67.1
Samsung,2020,8,128,6.6,4665,64,1132.53,73.2
Xiaomi,2019,12,128,6.0,5058,12,641.22,66.6
Apple,2023,8,64,5.9,5865,48,917.86,75.8
Google,2021,8,128,6.4,4530,64,100.0,84.1
Huawei,2018,6,128,6.8,3418,12,982.95,72.9
Apple,2022,8,256,6.4,4145,48,1461.56,60.8
Samsung,2021,16,128,6.5,3910,64,1010.55,78.5
Google,2023,8,128,6.7,4354,48,996.18,102.0
Apple,2023,8,128,6.3,4566,12,697.81,96.7
Google,2020,12,128,6.3,5395,48,712.96,76.9
Apple,2023,8,64,6.4,3411,48,922.02,66.8
OnePlus,2022,8,128,6.5,4247,200,475.6,73.4
Samsung,2021,8,256,5.9,3152,12,668.99,93.6
Xiaomi,2022,8,64,6.4,4235,200,399.75,48.7
Xiaomi,2019,6,64,6.3,3091,48,551.12,66.7
Xiaomi,2019,8,64,6.1,3330,12,860.22,81.2
Samsung,2018,8,128,6.3,4664,48,258.56,79.4
OnePlus,2018,6,256,6.0,3954,48,888.28,68.6
Google,2019,8,64,5.8,5601,12,255.66,71.2
Samsung,2023,8,256,6.3,5977,12,713.11,80.0
Samsung,2022,6,64,6.6,4251,64,735.86,68.8
Samsung,2019,8,256,6.2,3193,200,843.2,59.0
OnePlus,2018,4,128,6.0,3529,48,604.86,72.2
Xiaomi,2019,8,128,6.1,5892,12,388.83,77.8
Xiaomi,2023,12,128,6.5,4266,64,696.13,53.1
Samsung,2019,8,128,6.8,4473,48,1243.13,80.9
Apple,2022,6,256,6.5,3638,12,796.4,89.6
Xiaomi,2021,4,256,6.7,4610,108,429.66,69.6
Xiaomi,2023,6,128,6.0,4597,12,533.21,69.9
Huawei,2018,8,64,6.3,5525,48,687.56,63.9
Samsung,2022,6,64,6.6,5527,48,632.84,72.7
OnePlus,2019,8,256,5.9,5335,48,548.1,66.6
Apple,2019,6,128,6.1,3697,12,1131.86,96.7
Apple,2021,12,128,6.6,5045,48,929.32,86.9
OnePlus,2018,6,128,6.4,4701,108,620.37,42.8
OnePlus,2018,6,256,6.0,5742,48,622.29,83.6
Huawei,2020,12,128,5.8,3539,48,693.29,110.8
Samsung,2018,6,256,6.7,3329,12,840.08,82.6
Samsung,2021,6,256,5.7,3469,64,1020.58,92.9
OnePlus,2020,8,128,6.5,5896,108,547.02,85.2
Xiaomi,2020,8,128,6.1,3533,64,401.39,89.9
Apple,2019,8,256,6.6,4962,48,660.97,89.1
Samsung,2019,6,128,6.0,3466,108,481.1,89.3
Samsung,2018,8,256,7.1,5467,12,318.5,79.8
Google,2020,6,64,6.4,3761,48,1002.65,49.3
Samsung,2019,4,64,6.5,4005,48,913.65,58.7
Apple,2021,12,256,6.1,3890,48,229.12,68.9
Samsung,2019,8,128,6.3,5355,64,754.49,37.1
Apple,2023,6,128,6.3,4955,48,705.82,68.5
Samsung,2023,8,256,6.8,5971,12,576.02,96.2
Xiaomi,2019,6,128,6.4,5381,48,100.0,53.5
Samsung,2020,12,128,6.5,3953,48,693.69,95.9
Google,2020,6,64,6.5,4443,48,669.23,82.9
Samsung,2022,4,256,6.5,4672,12,405.78,78.4
Xiaomi,2023,8,256,5.9,5836,12,1055.69,92.7
Google,2021,8,64,6.9,3831,48,847.84,74.4
OnePlus,2020,8,256,6.0,3843,64,383.42,97.8
Xiaomi,2018,4,256,6.3,5297,108,905.76,72.0
Apple,2023,6,128,6.8,4319,108,683.61,80.2
Apple,2021,8,128,6.9,3183,64,1063.78,72.9
OnePlus,2021,6,128,6.5,4283,12,289.28,61.1
Huawei,2020,12,128,6.1,5846,64,692.52,64.8
OnePlus,2021,4,256,6.3,4690,48,345.93,83.6
Xiaomi,2020,8,256,6.4,5233,64,440.66,95.2
OnePlus,2019,8,128,6.4,4432,48,167.08,78.7
Xiaomi,2023,6,128,5.9,5885,64,341.39,82.7
Samsung,2022,8,64,6.7,4796,48,389.93,51.7
Xiaomi,2019,12,64,6.3,3626,12,308.66,90.8
Huawei,2023,6,128,6.1,5906,48,697.15,43.8
Samsung,2020,12,64,6.2,5055,12,258.45,67.1
OnePlus,2023,8,128,6.4,3782,108,724.7,95.0
Samsung,2020,6,128,5.9,4507,48,951.47,75.2
Xiaomi,2019,8,256,6.6,4784,48,427.74,76.6
Samsung,2018,6,128,6.4,3774,108,678.76,83.3
Xiaomi,2018,8,128,6.8,4759,48,566.09,87.0
OnePlus,2023,8,128,6.3,4863,48,547.12,70.9
Apple,2018,12,64,6.0,4006,12,161.13,89.4
OnePlus,2020,16,64,5.9,3676,48,368.3,84.0
Google,2021,8,128,6.2,4830,64,1015.36,52.0
Huawei,2020,8,256,6.2,3210,64,730.96,69.7
Samsung,2021,6,64,6.1,4336,108,639.66,81.2
Apple,2019,8,256,6.3,4627,12,294.82,69.2
Samsung,2022,4,512,6.1,4360,12,948.29,69.4
Huawei,2021,8,256,6.4,3489,12,422.09,86.7
Huawei,2018,8,128,6.1,4426,64,340.63,77.4
Xiaomi,2020,4,256,6.5,5686,12,365.69,80.3
Google,2019,4,64,6.2,3190,12,777.66,50.6
Xiaomi,2018,6,128,6.7,5718,48,632.26,81.7
Xiaomi,2019,8,256,6.5,3842,48,866.15,58.4
Samsung,2022,8,128,6.4,3334,64,981.43,74.6
OnePlus,2020,8,128,6.2,4642,48,465.13,59.1
Samsung,2023,8,128,5.8,4110,48,689.33,89.0
Google,2020,8,128,6.7,3578,48,574.25,102.4
Google,2022,6,128,6.1,3061,64,309.55,72.8
OnePlus,2020,6,128,6.3,3386,48,345.52,72.6
Samsung,2023,8,512,6.4,4169,48,758.96,90.5
Apple,2021,8,256,6.2,5200,48,785.73,83.6
Apple,2019,4,256,6.7,3618,12,786.28,73.9
Apple,2023,6,128,5.9,4683,64,786.67,80.5
Samsung,2018,6,128,6.8,5745,12,496.0,105.4
Huawei,2022,8,256,6.5,4877,108,1180.36,64.9
Xiaomi,2021,6,256,6.2,5225,12,707.95,66.2
Apple,2018,8,128,6.2,5894,64,656.12,86.9
Apple,2018,12,64,5.6,3486,64,900.58,116.7
Apple,2022,6,64,6.0,4277,48,587.19,77.7
Xiaomi,2021,16,128,6.2,5547,48,656.68,59.4
Xiaomi,2018,8,128,6.4,3540,48,750.17,80.9
Huawei,2018,8,256,6.7,4535,48,787.73,67.1
Xiaomi,2021,8,128,6.9,5060,12,335.67,82.1
Huawei,2020,8,64,6.4,3150,48,1407.27,54.6
Google,2018,8,128,6.4,4073,64,945.45,52.9
Samsung,2019,8,128,6.2,4238,12,1208.13,70.5
Huawei,2021,4,64,5.8,3990,64,585.97,99.8
Samsung,2018,4,128,6.1,5691,48,761.7,54.4
Google,2022,6,128,6.2,3371,48,659.11,70.2
Apple,2023,6,256,6.6,4136,108,663.24,53.0
Google,2019,6,128,6.5,5299,48,839.4,79.3
Google,2023,6,128,6.4,5100,48,429.09,78.3
Google,2023,8,128,6.1,4153,64,824.56,53.6
Google,2018,12,256,5.7,3192,108,525.48,104.3
Apple,2019,12,64,5.7,5638,12,899.76,56.2
Samsung,2019,8,256,5.8,4080,48,1065.41,98.6
Apple,2020,8,128,6.2,5144,48,766.75,95.6
Samsung,2023,12,256,6.6,3197,12,895.06,89.6
OnePlus,2019,8,256,6.6,5194,12,522.77,88.4
Apple,2020,6,128,6.5,4598,48,504.67,72.3
Huawei,2021,12,128,6.1,4600,48,1065.43,61.9
OnePlus,2020,8,64,6.6,5770,64,836.93,78.5
Google,2022,8,256,6.0,3683,64,616.39,51.4
Samsung,2018,6,128,6.6,3332,48,874.1,74.8
Google,2021,6,128,5.8,4243,12,395.9,56.4
Huawei,2021,12,256,5.9,4421,12,760.56,99.6
Xiaomi,2022,8,256,6.8,4365,48,704.25,80.7
Xiaomi,2020,6,128,6.2,4821,48,812.64,85.2
OnePlus,2018,6,128,6.1,5559,12,1060.43,80.1
Samsung,2020,8,128,6.6,5219,48,1062.06,103.2
Xiaomi,2019,8,128,6.7,4491,108,302.79,90.3
Apple,2020,6,128,6.2,4771,64,301.19,100.6
Samsung,2021,12,128,6.4,5010,64,761.43,71.5
Apple,2018,4,128,6.3,5611,48,842.33,66.9
Samsung,2020,6,256,5.5,5559,12,415.96,38.7
Samsung,2018,8,64,5.9,4212,12,459.81,69.1
Samsung,2018,6,128,6.6,4143,64,507.41,74.5
Huawei,2019,12,128,6.1,3104,48,983.76,91.5
Xiaomi,2019,8,64,6.5,5721,48,531.88,67.0
Huawei,2021,8,64,6.4,3806,12,274.03,86.0
Apple,2022,6,128,6.7,4064,48,783.89,85.0
Apple,2018,6,256,5.9,3888,12,799.32,67.9
Xiaomi,2022,6,64,6.4,5923,12,391.97,60.6
Apple,2021,8,64,6.3,5724,48,947.6,76.0
Samsung,2018,8,256,6.1,3320,48,984.31,76.5
OnePlus,2018,12,64,6.1,5382,12,561.16,75.9
Samsung,2023,8,256,6.4,5311,12,324.02,71.1
Xiaomi,2022,12,128,6.5,5912,64,581.56,63.7
OnePlus,2020,8,256,6.3,4500,48,725.42,85.2
Samsung,2019,6,128,6.3,5399,48,160.52,85.4
Samsung,2020,6,256,6.2,4568,48,820.38,75.7
Google,2022,8,256,6.2,4796,108,556.25,86.5
Xiaomi,2019,6,128,6.1,4519,12,660.93,77.0
Samsung,2020,4,64,6.1,4918,12,627.59,99.2
Huawei,2023,8,256,6.5,4865,48,461.64,55.6
Samsung,2019,12,128,6.5,4405,12,672.25,88.0
OnePlus,2018,6,64,5.9,5723,48,522.77,88.6
Huawei,2020,8,64,6.0,4504,48,560.6,97.4
Samsung,2019,12,256,6.1,5966,108,479.9,96.9
Samsung,2023,8,128,6.3,4959,64,834.19,59.4
Samsung,2019,4,128,5.8,3004,108,1009.2,50.2
Apple,2019,6,128,6.0,5081,12,581.68,72.5
Samsung,2023,8,256,5.9,4168,64,670.8,80.4
OnePlus,2020,8,256,6.4,5398,12,376.2,89.2
Samsung,2021,12,512,6.3,5630,48,897.01,68.6
Xiaomi,2020,8,64,6.2,5512,64,706.06,84.2
Huawei,2022,6,256,6.0,3347,12,505.26,34.8
Google,2023,6,128,6.2,4765,48,629.31,63.9
Xiaomi,2020,8,128,6.1,3124,12,866.32,87.9
Apple,2019,6,128,6.8,4813,12,398.16,57.1
Xiaomi,2023,6,64,6.6,5404,108,327.04,58.4
Xiaomi,2018,8,256,6.1,5574,12,795.46,67.1
Apple,2020,4,64,6.3,3497,12,813.62,77.7
Samsung,2023,6,128,6.6,4176,48,682.46,58.3
Google,2020,8,256,6.1,3052,64,885.75,74.5
Apple,2023,6,256,5.9,3148,12,976.11,68.5
Samsung,2019,6,64,5.8,3502,48,1128.78,92.4
Apple,2018,8,128,6.7,3869,64,1023.73,67.7
Apple,2018,12,256,6.2,3218,12,931.43,85.4
Google,2022,6,128,6.4,4300,48,636.51,77.5
OnePlus,2023,8,128,6.1,5499,64,613.96,68.7
OnePlus,2020,6,128,5.9,5130,48,649.19,86.5
Samsung,2018,8,128,6.0,3737,64,755.74,89.7
Apple,2018,12,256,5.9,5574,12,498.32,77.7
Xiaomi,2021,8,128,6.6,5451,108,715.9,79.4
Samsung,2021,12,128,6.7,3289,108,639.17,71.1
Apple,2018,6,128,6.3,5467,12,889.26,83.5
OnePlus,2023,4,128,5.8,3338,12,505.58,78.5
Samsung,2022,12,64,6.4,5824,200,535.14,79.5
Xiaomi,2018,6,128,6.7,5758,48,707.68,79.9
Samsung,2019,6,128,6.6,4693,48,819.32,83.9
Samsung,2020,8,128,6.3,4868,48,549.02,93.5
Samsung,2022,12,128,6.2,3986,64,1029.8,91.0
Huawei,2019,12,128,6.3,3958,64,978.09,98.3
Google,2022,6,128,6.7,4230,12,254.42,103.6
Huawei,2019,12,128,6.5,5733,12,455.74,69.5
Xiaomi,2020,4,256,6.2,4288,64,679.05,92.6
Samsung,2020,4,128,6.2,5006,64,792.69,61.8
Xiaomi,2021,8,64,6.2,3372,48,1183.08,64.3
Xiaomi,2023,4,64,6.0,4511,200,685.22,74.8
Google,2019,6,512,6.7,3530,64,720.9,65.3
Samsung,2021,8,128,6.1,3923,12,415.49,62.8
Xiaomi,2019,6,256,6.4,3022,64,253.65,74.1
Samsung,2021,6,64,6.1,5151,48,666.58,70.0
Apple,2020,6,256,6.2,3240,12,1314.35,65.0
OnePlus,2022,8,256,6.3,4004,48,597.06,60.7
Xiaomi,2021,8,128,6.5,5950,64,456.82,96.4
Apple,2019,8,64,6.2,4896,108,913.02,57.0
Apple,2019,8,128,6.0,4165,12,298.61,72.5
Xiaomi,2023,8,128,6.3,3813,12,669.82,91.8
Google,2020,12,128,6.1,3654,48,856.09,97.1
Google,2019,6,128,6.8,3782,64,413.11,78.5
Huawei,2018,6,64,6.2,5354,64,992.22,65.6
Google,2022,12,128,6.1,3007,48,814.92,84.7
Apple,2021,6,128,6.9,4714,48,1144.48,58.1
OnePlus,2023,16,128,6.5,3574,12,305.92,80.7
Apple,2022,8,64,6.0,3911,48,754.82,70.5
Apple,2020,8,512,6.1,3517,12,1130.53,71.9
Google,2023,8,128,6.4,4541,64,275.54,63.2
Samsung,2021,8,256,6.3,3482,12,936.77,49.6
Huawei,2021,6,128,6.6,5254,48,605.04,93.8
Xiaomi,2018,8,64,6.1,5716,12,884.91,90.4
OnePlus,2020,8,128,6.5,3578,48,704.37,88.1
OnePlus,2023,12,128,5.6,3386,12,1002.71,90.7
Google,2023,6,256,6.3,3411,48,327.02,77.6
OnePlus,2019,6,128,6.1,4865,12,732.27,64.6
Xiaomi,2018,6,128,6.2,4393,64,272.11,66.2
Samsung,2018,8,512,6.3,4376,48,904.88,96.8
Xiaomi,2023,12,128,6.6,4967,64,731.95,110.2
Samsung,2023,6,512,6.0,4359,48,728.73,72.2
OnePlus,2022,8,512,5.6,5938,48,554.05,75.1
Xiaomi,2022,6,64,6.0,3905,48,568.66,86.0
OnePlus,2022,8,128,6.6,4312,108,674.41,76.4
Samsung,2018,12,128,5.8,3962,48,771.05,87.5
Samsung,2019,6,128,6.1,3964,12,1183.08,74.1
OnePlus,2021,8,128,6.6,5187,108,868.35,60.9
Samsung,2022,16,512,6.3,4976,12,653.28,79.4
Samsung,2019,12,256,6.6,5347,64,844.84,83.0
Samsung,2020,8,128,5.7,4036,12,920.33,37.2
Huawei,2022,8,64,6.2,3663,48,486.01,76.3
OnePlus,2021,6,128,6.7,3824,12,825.54,109.8
Apple,2020,8,64,6.0,4887,108,428.32,68.6
Apple,2020,12,256,6.6,5447,48,626.9,85.5
Apple,2021,8,128,6.2,3991,48,443.94,62.4
OnePlus,2022,6,128,6.4,4132,12,597.24,58.6
OnePlus,2018,6,64,6.7,5196,48,531.59,70.3
Samsung,2021,6,256,6.4,4739,64,600.76,84.4
Samsung,2021,6,64,6.1,5354,48,903.87,71.5
Samsung,2021,4,256,6.5,4083,12,722.65,69.4
OnePlus,2020,8,128,6.1,3434,48,850.08,82.4
OnePlus,2019,6,256,6.4,3020,48,1056.59,78.0
Apple,2018,6,128,5.9,5922,12,1323.67,79.2
Samsung,2022,8,64,6.3,5429,12,665.05,92.9
Samsung,2022,6,256,6.7,5292,64,833.69,91.0
Huawei,2019,4,64,6.2,4925,108,611.31,97.4
Apple,2021,6,128,6.6,4472,12,1053.55,56.8
OnePlus,2018,6,64,7.2,4099,64,854.92,87.9
Xiaomi,2022,8,256,6.3,5745,12,484.87,99.7
Apple,2023,6,256,6.5,5637,48,671.66,50.5
Samsung,2022,8,128,6.4,3389,48,1046.51,74.7
Samsung,2021,12,128,6.4,5615,12,562.71,76.9
Xiaomi,2023,8,256,6.5,4354,48,622.05,74.6
OnePlus,2019,8,64,6.2,5306,64,818.76,92.2
OnePlus,2018,12,256,6.1,3425,108,608.61,64.1
Xiaomi,2019,8,64,5.8,4725,12,1033.49,78.7
Samsung,2019,4,512,6.2,4029,12,1058.28,66.5
Huawei,2018,6,256,6.6,3005,108,428.96,92.7
Google,2018,12,256,6.0,3190,12,503.62,91.3
Apple,2022,6,128,6.4,3147,48,946.89,72.6
Huawei,2022,4,128,6.3,3404,12,636.99,64.2
Xiaomi,2018,8,128,6.1,3257,48,164.86,114.9
Xiaomi,2023,12,64,5.7,5777,12,407.28,89.2
OnePlus,2020,6,128,6.7,5137,64,708.52,53.7
Google,2022,8,128,6.5,3823,64,872.64,62.8
OnePlus,2020,6,256,7.1,3009,12,876.21,81.2
Samsung,2023,8,128,6.6,4110,64,1190.71,64.0
Apple,2018,6,64,6.7,3837,48,627.13,65.9
Huawei,2023,6,128,5.8,3987,12,489.09,89.8
Samsung,2022,12,128,5.8,3624,64,693.67,98.5
Apple,2019,8,128,6.3,3029,48,381.01,66.4
Apple,2018,8,128,6.0,5175,12,799.23,92.6
Apple,2021,8,256,6.1,5468,12,751.12,64.3
Xiaomi,2020,6,128,7.1,4078,108,847.93,100.4
Huawei,2023,8,128,6.7,5352,64,890.38,83.1
Samsung,2018,6,128,6.0,3545,64,789.32,79.4
Samsung,2023,6,256,5.6,4128,12,700.72,69.2
Samsung,2018,6,128,6.0,4195,64,791.0,65.9
Google,2022,8,256,6.1,4522,12,451.79,40.1
OnePlus,2022,12,64,6.2,5069,108,629.33,80.6
Apple,2022,16,256,5.9,5438,12,804.19,84.8
Google,2023,8,128,6.6,3616,48,631.23,47.6
Google,2021,6,128,6.1,3148,48,607.24,87.4
Google,2022,8,128,6.5,4811,64,494.68,72.6
Huawei,2018,12,128,6.3,5346,64,393.6,103.2
Apple,2022,6,64,6.6,3171,48,748.73,64.7
OnePlus,2019,16,256,6.2,3046,48,798.59,103.5
Xiaomi,2022,6,128,6.0,3625,64,215.65,68.3
Google,2023,16,256,6.1,4810,12,525.68,84.2
OnePlus,2021,12,256,6.1,5254,64,1167.27,88.2
OnePlus,2019,12,128,6.9,3452,108,601.76,84.4
OnePlus,2023,6,256,6.3,4418,12,687.84,79.6
Samsung,2023,4,128,6.3,5972,12,1159.68,46.1
Xiaomi,2023,6,64,6.6,3753,48,729.86,72.9
Huawei,2018,6,512,6.3,5755,12,835.57,73.8
Huawei,2023,4,128,6.6,4008,48,422.46,45.2
Samsung,2018,8,128,6.2,5723,64,778.21,84.6
Samsung,2023,8,128,6.2,5902,48,696.3,61.3
Samsung,2020,8,128,6.0,5830,12,931.23,89.1
OnePlus,2019,8,512,6.9,4133,48,1069.33,76.3
Google,2020,6,64,6.3,5731,48,657.58,66.4
Samsung,2023,16,128,5.9,5911,108,795.52,100.1
Xiaomi,2019,6,128,6.4,4225,12,177.53,99.9
Google,2019,8,128,6.1,3167,48,100.0,75.6
OnePlus,2021,8,128,6.2,3085,108,923.3,95.6
Xiaomi,2020,12,64,6.4,4677,48,100.0,82.4
Xiaomi,2021,4,64,6.8,4982,48,731.83,89.4
Xiaomi,2019,8,128,6.3,3848,12,606.59,69.5
Apple,2018,8,256,6.1,4486,64,1107.84,102.4
Xiaomi,2019,6,64,6.1,3441,48,641.21,91.2
OnePlus,2021,8,256,6.5,3270,108,1100.56,82.1
Google,2020,12,256,5.7,4600,64,599.03,47.0
OnePlus,2023,16,256,6.0,3343,48,936.59,91.7
OnePlus,2023,4,256,6.4,4206,48,275.44,56.5
Samsung,2020,6,128,5.8,5550,12,124.49,80.3
Xiaomi,2023,6,128,6.2,5541,12,642.95,94.2
Samsung,2023,6,128,6.2,4257,64,349.85,85.3
Samsung,2021,6,128,6.6,5291,48,685.02,87.9
OnePlus,2020,6,256,6.2,4532,48,546.7,69.4
Huawei,2022,16,128,6.7,3266,64,801.29,62.1
Samsung,2018,12,256,6.3,4653,12,433.91,73.4
Apple,2018,4,64,6.8,3892,48,906.16,70.1
Google,2023,6,256,5.9,5248,48,865.99,74.8
Samsung,2018,8,128,6.8,3238,48,648.57,94.0
Xiaomi,2020,6,128,6.2,3914,108,769.56,86.0
OnePlus,2020,8,128,6.7,4438,48,405.36,108.3
Xiaomi,2019,8,256,6.7,5531,48,554.34,60.0
Samsung,2019,12,128,5.4,4460,48,364.48,102.5
Apple,2018,8,256,6.4,5293,12,1384.69,88.1
Google,2022,8,256,6.6,4881,48,957.2,73.3
Xiaomi,2019,8,256,6.7,5199,48,1065.03,60.6
Samsung,2019,6,64,5.9,4415,108,1003.61,65.8
OnePlus,2020,8,256,6.5,5258,64,484.21,65.0
Samsung,2022,8,256,6.4,3366,48,316.37,100.7
OnePlus,2023,6,64,6.4,5991,48,543.98,87.4
Samsung,2018,6,64,6.6,4593,12,818.83,88.0
Huawei,2019,6,64,6.6,3085,12,577.44,76.3
Apple,2022,12,64,6.1,4736,48,241.3,81.6
Apple,2022,6,128,6.4,4657,48,986.77,80.1
Samsung,2018,6,512,6.3,5041,12,400.45,76.5
Apple,2022,6,128,6.2,5493,48,694.42,73.6
Google,2022,8,128,6.3,3619,64,1085.95,80.5
Huawei,2022,6,512,6.4,5351,12,762.27,59.0
Apple,2019,16,128,6.1,3131,64,1069.16,89.0
Apple,2018,12,256,6.6,3903,12,886.7,83.3
OnePlus,2022,8,128,6.7,3987,48,397.77,64.3
Google,2022,8,128,6.1,4221,64,832.33,84.6
Xiaomi,2019,4,128,6.7,5094,48,634.19,101.9
Apple,2018,6,128,6.1,4763,108,428.54,94.2
Apple,2020,8,64,6.6,5804,12,386.58,70.8
OnePlus,2019,4,256,6.7,4226,48,745.82,85.0
Samsung,2018,6,128,6.3,4284,48,1235.34,87.7
Xiaomi,2022,8,256,6.1,3689,48,380.94,76.8
Apple,2018,6,128,6.1,4047,64,560.76,74.6
Google,2018,12,64,6.4,3686,64,749.45,90.2
Samsung,2023,6,128,6.9,3785,64,371.52,112.7
Xiaomi,2018,8,64,5.8,3339,12,1238.51,78.9
Xiaomi,2020,8,256,6.3,3411,48,433.58,56.0
OnePlus,2018,8,512,6.3,4996,48,625.26,59.3
Samsung,2020,6,256,6.2,3285,48,498.86,72.4
Xiaomi,2022,8,64,6.3,4109,108,883.69,56.3
Xiaomi,2020,12,128,6.1,3849,12,1190.56,83.0
Xiaomi,2022,8,128,6.7,3429,48,474.19,108.4
Xiaomi,2022,6,256,6.7,4604,48,866.64,67.3
OnePlus,2020,8,64,6.3,3030,64,323.52,58.7
Google,2019,8,128,6.3,3602,108,889.82,71.9
Apple,2021,8,128,6.2,3439,48,1239.59,73.4
Google,2018,12,64,6.3,3984,12,1013.09,70.2
Xiaomi,2023,6,128,6.9,4372,48,683.21,56.4
Samsung,2021,8,128,6.3,4918,48,441.8,95.3
Samsung,2018,8,256,6.0,3411,200,700.19,82.5
Apple,2018,8,256,6.2,3527,48,722.28,67.8
Google,2022,12,128,6.5,3309,48,538.33,67.7
OnePlus,2018,16,128,6.1,5996,48,701.64,77.2
Google,2023,8,128,6.3,4811,48,633.36,56.6
Xiaomi,2018,6,512,6.4,4361,64,926.96,66.3
Apple,2020,4,512,6.1,5721,12,1078.59,106.0
Samsung,2021,8,256,5.8,5038,48,684.3,78.6
Apple,2020,12,256,6.0,5484,108,908.06,75.7
Apple,2023,6,128,6.0,3703,12,1130.35,85.2
Samsung,2018,6,256,6.2,3662,64,567.1,61.0
Samsung,2023,4,128,6.3,3364,48,703.97,68.9
Xiaomi,2022,12,128,6.5,3922,48,392.91,57.2
OnePlus,2020,6,256,5.9,5160,12,769.97,94.1
Huawei,2020,8,64,6.5,3175,48,699.63,72.0
Huawei,2019,8,64,6.2,4172,48,765.22,62.7
OnePlus,2018,12,128,5.8,4201,12,402.79,94.7
Apple,2022,8,128,6.3,3935,48,991.39,59.3
OnePlus,2020,8,256,6.7,3381,12,675.51,60.2
Google,2020,6,64,6.6,4282,48,907.37,69.3
Samsung,2022,8,64,6.3,4212,108,590.57,57.0
Apple,2023,8,64,6.6,3305,12,970.6,65.2
Google,2023,16,64,6.4,4401,12,761.26,82.0
Apple,2018,6,64,6.6,3601,64,1181.16,73.4
Xiaomi,2019,4,128,5.8,5390,48,620.92,55.1
Xiaomi,2020,4,128,5.9,5203,12,511.28,71.3
Samsung,2019,6,256,6.5,3711,48,576.55,83.7
Apple,2023,12,512,6.8,4465,12,622.92,96.2
Apple,2023,4,128,6.4,3402,12,674.23,67.5
Samsung,2021,8,64,6.2,3613,108,114.85,72.2
Samsung,2018,6,64,6.0,5844,64,1042.19,71.3
Google,2021,4,256,6.2,5670,48,1133.51,54.1
Apple,2021,8,128,6.7,4801,12,763.1,66.9
Xiaomi,2021,6,256,6.2,5650,12,759.53,86.9
Apple,2018,6,256,6.6,3176,64,841.0,87.2
Huawei,2018,8,256,6.5,3448,12,321.74,81.2
Apple,2022,8,256,6.8,3742,48,1056.56,35.1
Apple,2019,6,128,6.4,4564,12,1093.86,63.3
Google,2019,16,128,6.3,4978,48,389.75,92.0
Google,2022,8,512,6.6,5348,12,832.47,100.7
Samsung,2022,8,128,6.0,5754,48,634.31,74.8
Google,2023,4,64,6.2,3306,64,947.48,76.4
Xiaomi,2021,4,128,5.8,3750,48,629.28,73.3
Xiaomi,2022,4,128,5.9,3868,12,636.05,55.4
Samsung,2020,6,256,6.9,3213,64,1155.22,80.3
Samsung,2019,8,128,6.5,4617,12,378.65,52.2
OnePlus,2022,12,128,5.9,4663,48,712.01,83.7
Xiaomi,2020,8,512,6.7,5530,48,772.16,76.3
Apple,2020,6,256,6.1,4597,12,649.1,75.7
OnePlus,2020,8,128,6.5,5180,48,1159.96,55.5
OnePlus,2023,6,128,6.5,4672,64,734.14,64.4
Samsung,2023,8,128,6.8,3511,108,867.94,85.3
Xiaomi,2020,8,128,6.1,5258,48,853.65,76.1
Samsung,2023,8,64,6.1,3986,12,619.79,64.5
OnePlus,2021,16,128,5.5,5764,48,960.44,68.9
OnePlus,2020,6,256,6.3,3252,48,910.13,87.0
Huawei,2021,8,128,6.5,3037,48,619.47,75.5
Samsung,2021,12,128,6.6,3628,48,934.57,68.0
Samsung,2020,8,64,6.7,3986,48,1009.98,72.2
Apple,2019,8,128,6.4,4725,12,998.77,62.9
